Callback,Step,File,CompilationUnit is available,TypeElement is available,Trees.getPath(TypeElement) is available
START,COMPILATION,,FALSE,FALSE,FALSE
START,ANNOTATION_PROCESSING,,FALSE,FALSE,FALSE
START,PARSE,C:\Users\wpwatson\dev\FRC2023\src\main\java\frc\lib\math\AngledElevatorFeedForward.java,FALSE,FALSE,FALSE
FINISH,PARSE,C:\Users\wpwatson\dev\FRC2023\src\main\java\frc\lib\math\AngledElevatorFeedForward.java,TRUE,FALSE,FALSE
START,PARSE,C:\Users\wpwatson\dev\FRC2023\src\main\java\frc\lib\math\ArmFeedForwardTunable.java,FALSE,FALSE,FALSE
FINISH,PARSE,C:\Users\wpwatson\dev\FRC2023\src\main\java\frc\lib\math\ArmFeedForwardTunable.java,TRUE,FALSE,FALSE
START,PARSE,C:\Users\wpwatson\dev\FRC2023\src\main\java\frc\lib\math\Conversions.java,FALSE,FALSE,FALSE
FINISH,PARSE,C:\Users\wpwatson\dev\FRC2023\src\main\java\frc\lib\math\Conversions.java,TRUE,FALSE,FALSE
START,PARSE,C:\Users\wpwatson\dev\FRC2023\src\main\java\frc\lib\math\DoubleJointedArmFeedforward.java,FALSE,FALSE,FALSE
FINISH,PARSE,C:\Users\wpwatson\dev\FRC2023\src\main\java\frc\lib\math\DoubleJointedArmFeedforward.java,TRUE,FALSE,FALSE
START,PARSE,C:\Users\wpwatson\dev\FRC2023\src\main\java\frc\lib\util\ArmPosition.java,FALSE,FALSE,FALSE
FINISH,PARSE,C:\Users\wpwatson\dev\FRC2023\src\main\java\frc\lib\util\ArmPosition.java,TRUE,FALSE,FALSE
START,PARSE,C:\Users\wpwatson\dev\FRC2023\src\main\java\frc\lib\util\ctre\CTREConfigs.java,FALSE,FALSE,FALSE
FINISH,PARSE,C:\Users\wpwatson\dev\FRC2023\src\main\java\frc\lib\util\ctre\CTREConfigs.java,TRUE,FALSE,FALSE
START,PARSE,C:\Users\wpwatson\dev\FRC2023\src\main\java\frc\lib\util\ctre\CTREModuleState.java,FALSE,FALSE,FALSE
FINISH,PARSE,C:\Users\wpwatson\dev\FRC2023\src\main\java\frc\lib\util\ctre\CTREModuleState.java,TRUE,FALSE,FALSE
START,PARSE,C:\Users\wpwatson\dev\FRC2023\src\main\java\frc\lib\util\DisabledInstantCommand.java,FALSE,FALSE,FALSE
FINISH,PARSE,C:\Users\wpwatson\dev\FRC2023\src\main\java\frc\lib\util\DisabledInstantCommand.java,TRUE,FALSE,FALSE
START,PARSE,C:\Users\wpwatson\dev\FRC2023\src\main\java\frc\lib\util\DynamicWaitCommand.java,FALSE,FALSE,FALSE
FINISH,PARSE,C:\Users\wpwatson\dev\FRC2023\src\main\java\frc\lib\util\DynamicWaitCommand.java,TRUE,FALSE,FALSE
START,PARSE,C:\Users\wpwatson\dev\FRC2023\src\main\java\frc\lib\util\FieldConstants.java,FALSE,FALSE,FALSE
FINISH,PARSE,C:\Users\wpwatson\dev\FRC2023\src\main\java\frc\lib\util\FieldConstants.java,TRUE,FALSE,FALSE
START,PARSE,C:\Users\wpwatson\dev\FRC2023\src\main\java\frc\lib\util\MorseCode.java,FALSE,FALSE,FALSE
FINISH,PARSE,C:\Users\wpwatson\dev\FRC2023\src\main\java\frc\lib\util\MorseCode.java,TRUE,FALSE,FALSE
START,PARSE,C:\Users\wpwatson\dev\FRC2023\src\main\java\frc\lib\util\pathplanner\PathPlannerTrajectory1.java,FALSE,FALSE,FALSE
FINISH,PARSE,C:\Users\wpwatson\dev\FRC2023\src\main\java\frc\lib\util\pathplanner\PathPlannerTrajectory1.java,TRUE,FALSE,FALSE
START,PARSE,C:\Users\wpwatson\dev\FRC2023\src\main\java\frc\lib\util\pathplanner\PPSwerveControllerCommand1.java,FALSE,FALSE,FALSE
FINISH,PARSE,C:\Users\wpwatson\dev\FRC2023\src\main\java\frc\lib\util\pathplanner\PPSwerveControllerCommand1.java,TRUE,FALSE,FALSE
START,PARSE,C:\Users\wpwatson\dev\FRC2023\src\main\java\frc\lib\util\PhotonCameraWrapper.java,FALSE,FALSE,FALSE
FINISH,PARSE,C:\Users\wpwatson\dev\FRC2023\src\main\java\frc\lib\util\PhotonCameraWrapper.java,TRUE,FALSE,FALSE
START,PARSE,C:\Users\wpwatson\dev\FRC2023\src\main\java\frc\lib\util\Scoring.java,FALSE,FALSE,FALSE
FINISH,PARSE,C:\Users\wpwatson\dev\FRC2023\src\main\java\frc\lib\util\Scoring.java,TRUE,FALSE,FALSE
START,PARSE,C:\Users\wpwatson\dev\FRC2023\src\main\java\frc\lib\util\swerve\SwerveModule.java,FALSE,FALSE,FALSE
FINISH,PARSE,C:\Users\wpwatson\dev\FRC2023\src\main\java\frc\lib\util\swerve\SwerveModule.java,TRUE,FALSE,FALSE
START,PARSE,C:\Users\wpwatson\dev\FRC2023\src\main\java\frc\lib\util\swerve\SwerveModuleConstants.java,FALSE,FALSE,FALSE
FINISH,PARSE,C:\Users\wpwatson\dev\FRC2023\src\main\java\frc\lib\util\swerve\SwerveModuleConstants.java,TRUE,FALSE,FALSE
START,PARSE,C:\Users\wpwatson\dev\FRC2023\src\main\java\frc\robot\autos\ClimbPlatformAuto.java,FALSE,FALSE,FALSE
FINISH,PARSE,C:\Users\wpwatson\dev\FRC2023\src\main\java\frc\robot\autos\ClimbPlatformAuto.java,TRUE,FALSE,FALSE
START,PARSE,C:\Users\wpwatson\dev\FRC2023\src\main\java\frc\robot\autos\CrossAndDock.java,FALSE,FALSE,FALSE
FINISH,PARSE,C:\Users\wpwatson\dev\FRC2023\src\main\java\frc\robot\autos\CrossAndDock.java,TRUE,FALSE,FALSE
START,PARSE,C:\Users\wpwatson\dev\FRC2023\src\main\java\frc\robot\autos\DoubleScore.java,FALSE,FALSE,FALSE
FINISH,PARSE,C:\Users\wpwatson\dev\FRC2023\src\main\java\frc\robot\autos\DoubleScore.java,TRUE,FALSE,FALSE
START,PARSE,C:\Users\wpwatson\dev\FRC2023\src\main\java\frc\robot\autos\DoubleScore6.java,FALSE,FALSE,FALSE
FINISH,PARSE,C:\Users\wpwatson\dev\FRC2023\src\main\java\frc\robot\autos\DoubleScore6.java,TRUE,FALSE,FALSE
START,PARSE,C:\Users\wpwatson\dev\FRC2023\src\main\java\frc\robot\autos\LeaveCommunity.java,FALSE,FALSE,FALSE
FINISH,PARSE,C:\Users\wpwatson\dev\FRC2023\src\main\java\frc\robot\autos\LeaveCommunity.java,TRUE,FALSE,FALSE
START,PARSE,C:\Users\wpwatson\dev\FRC2023\src\main\java\frc\robot\autos\MiddleScoreEngage.java,FALSE,FALSE,FALSE
FINISH,PARSE,C:\Users\wpwatson\dev\FRC2023\src\main\java\frc\robot\autos\MiddleScoreEngage.java,TRUE,FALSE,FALSE
START,PARSE,C:\Users\wpwatson\dev\FRC2023\src\main\java\frc\robot\autos\Score1.java,FALSE,FALSE,FALSE
FINISH,PARSE,C:\Users\wpwatson\dev\FRC2023\src\main\java\frc\robot\autos\Score1.java,TRUE,FALSE,FALSE
START,PARSE,C:\Users\wpwatson\dev\FRC2023\src\main\java\frc\robot\autos\Score1Dock.java,FALSE,FALSE,FALSE
FINISH,PARSE,C:\Users\wpwatson\dev\FRC2023\src\main\java\frc\robot\autos\Score1Dock.java,TRUE,FALSE,FALSE
START,PARSE,C:\Users\wpwatson\dev\FRC2023\src\main\java\frc\robot\autos\SecondGamePiece.java,FALSE,FALSE,FALSE
FINISH,PARSE,C:\Users\wpwatson\dev\FRC2023\src\main\java\frc\robot\autos\SecondGamePiece.java,TRUE,FALSE,FALSE
START,PARSE,C:\Users\wpwatson\dev\FRC2023\src\main\java\frc\robot\autos\SecondGamePiece6.java,FALSE,FALSE,FALSE
FINISH,PARSE,C:\Users\wpwatson\dev\FRC2023\src\main\java\frc\robot\autos\SecondGamePiece6.java,TRUE,FALSE,FALSE
START,PARSE,C:\Users\wpwatson\dev\FRC2023\src\main\java\frc\robot\autos\SecondGamePieceScore.java,FALSE,FALSE,FALSE
FINISH,PARSE,C:\Users\wpwatson\dev\FRC2023\src\main\java\frc\robot\autos\SecondGamePieceScore.java,TRUE,FALSE,FALSE
START,PARSE,C:\Users\wpwatson\dev\FRC2023\src\main\java\frc\robot\autos\TrajectoryBase.java,FALSE,FALSE,FALSE
FINISH,PARSE,C:\Users\wpwatson\dev\FRC2023\src\main\java\frc\robot\autos\TrajectoryBase.java,TRUE,FALSE,FALSE
START,PARSE,C:\Users\wpwatson\dev\FRC2023\src\main\java\frc\robot\autos\TripleScore.java,FALSE,FALSE,FALSE
FINISH,PARSE,C:\Users\wpwatson\dev\FRC2023\src\main\java\frc\robot\autos\TripleScore.java,TRUE,FALSE,FALSE
START,PARSE,C:\Users\wpwatson\dev\FRC2023\src\main\java\frc\robot\autos\TripleScore6.java,FALSE,FALSE,FALSE
FINISH,PARSE,C:\Users\wpwatson\dev\FRC2023\src\main\java\frc\robot\autos\TripleScore6.java,TRUE,FALSE,FALSE
START,PARSE,C:\Users\wpwatson\dev\FRC2023\src\main\java\frc\robot\commands\arm\ArmMoving.java,FALSE,FALSE,FALSE
FINISH,PARSE,C:\Users\wpwatson\dev\FRC2023\src\main\java\frc\robot\commands\arm\ArmMoving.java,TRUE,FALSE,FALSE
START,PARSE,C:\Users\wpwatson\dev\FRC2023\src\main\java\frc\robot\commands\arm\ConeIntake.java,FALSE,FALSE,FALSE
FINISH,PARSE,C:\Users\wpwatson\dev\FRC2023\src\main\java\frc\robot\commands\arm\ConeIntake.java,TRUE,FALSE,FALSE
START,PARSE,C:\Users\wpwatson\dev\FRC2023\src\main\java\frc\robot\commands\arm\ConeUpIntake.java,FALSE,FALSE,FALSE
FINISH,PARSE,C:\Users\wpwatson\dev\FRC2023\src\main\java\frc\robot\commands\arm\ConeUpIntake.java,TRUE,FALSE,FALSE
START,PARSE,C:\Users\wpwatson\dev\FRC2023\src\main\java\frc\robot\commands\arm\CubeIntake.java,FALSE,FALSE,FALSE
FINISH,PARSE,C:\Users\wpwatson\dev\FRC2023\src\main\java\frc\robot\commands\arm\CubeIntake.java,TRUE,FALSE,FALSE
START,PARSE,C:\Users\wpwatson\dev\FRC2023\src\main\java\frc\robot\commands\arm\DockArm.java,FALSE,FALSE,FALSE
FINISH,PARSE,C:\Users\wpwatson\dev\FRC2023\src\main\java\frc\robot\commands\arm\DockArm.java,TRUE,FALSE,FALSE
START,PARSE,C:\Users\wpwatson\dev\FRC2023\src\main\java\frc\robot\commands\arm\MoveArm.java,FALSE,FALSE,FALSE
FINISH,PARSE,C:\Users\wpwatson\dev\FRC2023\src\main\java\frc\robot\commands\arm\MoveArm.java,TRUE,FALSE,FALSE
START,PARSE,C:\Users\wpwatson\dev\FRC2023\src\main\java\frc\robot\commands\arm\ScoreArm.java,FALSE,FALSE,FALSE
FINISH,PARSE,C:\Users\wpwatson\dev\FRC2023\src\main\java\frc\robot\commands\arm\ScoreArm.java,TRUE,FALSE,FALSE
START,PARSE,C:\Users\wpwatson\dev\FRC2023\src\main\java\frc\robot\commands\arm\VariableArm.java,FALSE,FALSE,FALSE
FINISH,PARSE,C:\Users\wpwatson\dev\FRC2023\src\main\java\frc\robot\commands\arm\VariableArm.java,TRUE,FALSE,FALSE
START,PARSE,C:\Users\wpwatson\dev\FRC2023\src\main\java\frc\robot\commands\drive\ClimbPlatform.java,FALSE,FALSE,FALSE
FINISH,PARSE,C:\Users\wpwatson\dev\FRC2023\src\main\java\frc\robot\commands\drive\ClimbPlatform.java,TRUE,FALSE,FALSE
START,PARSE,C:\Users\wpwatson\dev\FRC2023\src\main\java\frc\robot\commands\drive\MoveToEngage.java,FALSE,FALSE,FALSE
FINISH,PARSE,C:\Users\wpwatson\dev\FRC2023\src\main\java\frc\robot\commands\drive\MoveToEngage.java,TRUE,FALSE,FALSE
START,PARSE,C:\Users\wpwatson\dev\FRC2023\src\main\java\frc\robot\commands\drive\MoveToPos.java,FALSE,FALSE,FALSE
FINISH,PARSE,C:\Users\wpwatson\dev\FRC2023\src\main\java\frc\robot\commands\drive\MoveToPos.java,TRUE,FALSE,FALSE
START,PARSE,C:\Users\wpwatson\dev\FRC2023\src\main\java\frc\robot\commands\drive\MoveToScore.java,FALSE,FALSE,FALSE
FINISH,PARSE,C:\Users\wpwatson\dev\FRC2023\src\main\java\frc\robot\commands\drive\MoveToScore.java,TRUE,FALSE,FALSE
START,PARSE,C:\Users\wpwatson\dev\FRC2023\src\main\java\frc\robot\commands\drive\TeleopSwerve.java,FALSE,FALSE,FALSE
FINISH,PARSE,C:\Users\wpwatson\dev\FRC2023\src\main\java\frc\robot\commands\drive\TeleopSwerve.java,TRUE,FALSE,FALSE
START,PARSE,C:\Users\wpwatson\dev\FRC2023\src\main\java\frc\robot\commands\drive\TurnToAngle.java,FALSE,FALSE,FALSE
FINISH,PARSE,C:\Users\wpwatson\dev\FRC2023\src\main\java\frc\robot\commands\drive\TurnToAngle.java,TRUE,FALSE,FALSE
START,PARSE,C:\Users\wpwatson\dev\FRC2023\src\main\java\frc\robot\commands\leds\BouncingBalls.java,FALSE,FALSE,FALSE
FINISH,PARSE,C:\Users\wpwatson\dev\FRC2023\src\main\java\frc\robot\commands\leds\BouncingBalls.java,TRUE,FALSE,FALSE
START,PARSE,C:\Users\wpwatson\dev\FRC2023\src\main\java\frc\robot\commands\leds\FireLEDs.java,FALSE,FALSE,FALSE
FINISH,PARSE,C:\Users\wpwatson\dev\FRC2023\src\main\java\frc\robot\commands\leds\FireLEDs.java,TRUE,FALSE,FALSE
START,PARSE,C:\Users\wpwatson\dev\FRC2023\src\main\java\frc\robot\commands\leds\FlashingLEDColor.java,FALSE,FALSE,FALSE
FINISH,PARSE,C:\Users\wpwatson\dev\FRC2023\src\main\java\frc\robot\commands\leds\FlashingLEDColor.java,TRUE,FALSE,FALSE
START,PARSE,C:\Users\wpwatson\dev\FRC2023\src\main\java\frc\robot\commands\leds\MeteorRain.java,FALSE,FALSE,FALSE
FINISH,PARSE,C:\Users\wpwatson\dev\FRC2023\src\main\java\frc\robot\commands\leds\MeteorRain.java,TRUE,FALSE,FALSE
START,PARSE,C:\Users\wpwatson\dev\FRC2023\src\main\java\frc\robot\commands\leds\MorseCodeFlash.java,FALSE,FALSE,FALSE
FINISH,PARSE,C:\Users\wpwatson\dev\FRC2023\src\main\java\frc\robot\commands\leds\MorseCodeFlash.java,TRUE,FALSE,FALSE
START,PARSE,C:\Users\wpwatson\dev\FRC2023\src\main\java\frc\robot\commands\leds\MorseCodeStream.java,FALSE,FALSE,FALSE
FINISH,PARSE,C:\Users\wpwatson\dev\FRC2023\src\main\java\frc\robot\commands\leds\MorseCodeStream.java,TRUE,FALSE,FALSE
START,PARSE,C:\Users\wpwatson\dev\FRC2023\src\main\java\frc\robot\commands\leds\MovingColorLEDs.java,FALSE,FALSE,FALSE
FINISH,PARSE,C:\Users\wpwatson\dev\FRC2023\src\main\java\frc\robot\commands\leds\MovingColorLEDs.java,TRUE,FALSE,FALSE
START,PARSE,C:\Users\wpwatson\dev\FRC2023\src\main\java\frc\robot\commands\leds\PoliceLEDs.java,FALSE,FALSE,FALSE
FINISH,PARSE,C:\Users\wpwatson\dev\FRC2023\src\main\java\frc\robot\commands\leds\PoliceLEDs.java,TRUE,FALSE,FALSE
START,PARSE,C:\Users\wpwatson\dev\FRC2023\src\main\java\frc\robot\commands\leds\RainbowLEDs.java,FALSE,FALSE,FALSE
FINISH,PARSE,C:\Users\wpwatson\dev\FRC2023\src\main\java\frc\robot\commands\leds\RainbowLEDs.java,TRUE,FALSE,FALSE
START,PARSE,C:\Users\wpwatson\dev\FRC2023\src\main\java\frc\robot\commands\leds\Twinkle.java,FALSE,FALSE,FALSE
FINISH,PARSE,C:\Users\wpwatson\dev\FRC2023\src\main\java\frc\robot\commands\leds\Twinkle.java,TRUE,FALSE,FALSE
START,PARSE,C:\Users\wpwatson\dev\FRC2023\src\main\java\frc\robot\commands\test\TestArm.java,FALSE,FALSE,FALSE
FINISH,PARSE,C:\Users\wpwatson\dev\FRC2023\src\main\java\frc\robot\commands\test\TestArm.java,TRUE,FALSE,FALSE
START,PARSE,C:\Users\wpwatson\dev\FRC2023\src\main\java\frc\robot\commands\test\TestTransform.java,FALSE,FALSE,FALSE
FINISH,PARSE,C:\Users\wpwatson\dev\FRC2023\src\main\java\frc\robot\commands\test\TestTransform.java,TRUE,FALSE,FALSE
START,PARSE,C:\Users\wpwatson\dev\FRC2023\src\main\java\frc\robot\commands\wrist\AutoWrist.java,FALSE,FALSE,FALSE
FINISH,PARSE,C:\Users\wpwatson\dev\FRC2023\src\main\java\frc\robot\commands\wrist\AutoWrist.java,TRUE,FALSE,FALSE
START,PARSE,C:\Users\wpwatson\dev\FRC2023\src\main\java\frc\robot\commands\wrist\VariableIntake.java,FALSE,FALSE,FALSE
FINISH,PARSE,C:\Users\wpwatson\dev\FRC2023\src\main\java\frc\robot\commands\wrist\VariableIntake.java,TRUE,FALSE,FALSE
START,PARSE,C:\Users\wpwatson\dev\FRC2023\src\main\java\frc\robot\commands\wrist\WristIntakeIn.java,FALSE,FALSE,FALSE
FINISH,PARSE,C:\Users\wpwatson\dev\FRC2023\src\main\java\frc\robot\commands\wrist\WristIntakeIn.java,TRUE,FALSE,FALSE
START,PARSE,C:\Users\wpwatson\dev\FRC2023\src\main\java\frc\robot\commands\wrist\WristIntakeRelease.java,FALSE,FALSE,FALSE
FINISH,PARSE,C:\Users\wpwatson\dev\FRC2023\src\main\java\frc\robot\commands\wrist\WristIntakeRelease.java,TRUE,FALSE,FALSE
START,PARSE,C:\Users\wpwatson\dev\FRC2023\src\main\java\frc\robot\Constants.java,FALSE,FALSE,FALSE
FINISH,PARSE,C:\Users\wpwatson\dev\FRC2023\src\main\java\frc\robot\Constants.java,TRUE,FALSE,FALSE
START,PARSE,C:\Users\wpwatson\dev\FRC2023\src\main\java\frc\robot\Main.java,FALSE,FALSE,FALSE
FINISH,PARSE,C:\Users\wpwatson\dev\FRC2023\src\main\java\frc\robot\Main.java,TRUE,FALSE,FALSE
START,PARSE,C:\Users\wpwatson\dev\FRC2023\src\main\java\frc\robot\Robot.java,FALSE,FALSE,FALSE
FINISH,PARSE,C:\Users\wpwatson\dev\FRC2023\src\main\java\frc\robot\Robot.java,TRUE,FALSE,FALSE
START,PARSE,C:\Users\wpwatson\dev\FRC2023\src\main\java\frc\robot\RobotContainer.java,FALSE,FALSE,FALSE
FINISH,PARSE,C:\Users\wpwatson\dev\FRC2023\src\main\java\frc\robot\RobotContainer.java,TRUE,FALSE,FALSE
START,PARSE,C:\Users\wpwatson\dev\FRC2023\src\main\java\frc\robot\subsystems\Arm.java,FALSE,FALSE,FALSE
FINISH,PARSE,C:\Users\wpwatson\dev\FRC2023\src\main\java\frc\robot\subsystems\Arm.java,TRUE,FALSE,FALSE
START,PARSE,C:\Users\wpwatson\dev\FRC2023\src\main\java\frc\robot\subsystems\LEDs.java,FALSE,FALSE,FALSE
FINISH,PARSE,C:\Users\wpwatson\dev\FRC2023\src\main\java\frc\robot\subsystems\LEDs.java,TRUE,FALSE,FALSE
START,PARSE,C:\Users\wpwatson\dev\FRC2023\src\main\java\frc\robot\subsystems\Swerve.java,FALSE,FALSE,FALSE
FINISH,PARSE,C:\Users\wpwatson\dev\FRC2023\src\main\java\frc\robot\subsystems\Swerve.java,TRUE,FALSE,FALSE
START,PARSE,C:\Users\wpwatson\dev\FRC2023\src\main\java\frc\robot\subsystems\WristIntake.java,FALSE,FALSE,FALSE
FINISH,PARSE,C:\Users\wpwatson\dev\FRC2023\src\main\java\frc\robot\subsystems\WristIntake.java,TRUE,FALSE,FALSE
START,ENTER,C:\Users\wpwatson\dev\FRC2023\src\main\java\frc\lib\math\AngledElevatorFeedForward.java,TRUE,FALSE,FALSE
START,ENTER,C:\Users\wpwatson\dev\FRC2023\src\main\java\frc\lib\math\ArmFeedForwardTunable.java,TRUE,FALSE,FALSE
START,ENTER,C:\Users\wpwatson\dev\FRC2023\src\main\java\frc\lib\math\Conversions.java,TRUE,FALSE,FALSE
START,ENTER,C:\Users\wpwatson\dev\FRC2023\src\main\java\frc\lib\math\DoubleJointedArmFeedforward.java,TRUE,FALSE,FALSE
START,ENTER,C:\Users\wpwatson\dev\FRC2023\src\main\java\frc\lib\util\ArmPosition.java,TRUE,FALSE,FALSE
START,ENTER,C:\Users\wpwatson\dev\FRC2023\src\main\java\frc\lib\util\ctre\CTREConfigs.java,TRUE,FALSE,FALSE
START,ENTER,C:\Users\wpwatson\dev\FRC2023\src\main\java\frc\lib\util\ctre\CTREModuleState.java,TRUE,FALSE,FALSE
START,ENTER,C:\Users\wpwatson\dev\FRC2023\src\main\java\frc\lib\util\DisabledInstantCommand.java,TRUE,FALSE,FALSE
START,ENTER,C:\Users\wpwatson\dev\FRC2023\src\main\java\frc\lib\util\DynamicWaitCommand.java,TRUE,FALSE,FALSE
START,ENTER,C:\Users\wpwatson\dev\FRC2023\src\main\java\frc\lib\util\FieldConstants.java,TRUE,FALSE,FALSE
START,ENTER,C:\Users\wpwatson\dev\FRC2023\src\main\java\frc\lib\util\MorseCode.java,TRUE,FALSE,FALSE
START,ENTER,C:\Users\wpwatson\dev\FRC2023\src\main\java\frc\lib\util\pathplanner\PathPlannerTrajectory1.java,TRUE,FALSE,FALSE
START,ENTER,C:\Users\wpwatson\dev\FRC2023\src\main\java\frc\lib\util\pathplanner\PPSwerveControllerCommand1.java,TRUE,FALSE,FALSE
START,ENTER,C:\Users\wpwatson\dev\FRC2023\src\main\java\frc\lib\util\PhotonCameraWrapper.java,TRUE,FALSE,FALSE
START,ENTER,C:\Users\wpwatson\dev\FRC2023\src\main\java\frc\lib\util\Scoring.java,TRUE,FALSE,FALSE
START,ENTER,C:\Users\wpwatson\dev\FRC2023\src\main\java\frc\lib\util\swerve\SwerveModule.java,TRUE,FALSE,FALSE
START,ENTER,C:\Users\wpwatson\dev\FRC2023\src\main\java\frc\lib\util\swerve\SwerveModuleConstants.java,TRUE,FALSE,FALSE
START,ENTER,C:\Users\wpwatson\dev\FRC2023\src\main\java\frc\robot\autos\ClimbPlatformAuto.java,TRUE,FALSE,FALSE
START,ENTER,C:\Users\wpwatson\dev\FRC2023\src\main\java\frc\robot\autos\CrossAndDock.java,TRUE,FALSE,FALSE
START,ENTER,C:\Users\wpwatson\dev\FRC2023\src\main\java\frc\robot\autos\DoubleScore.java,TRUE,FALSE,FALSE
START,ENTER,C:\Users\wpwatson\dev\FRC2023\src\main\java\frc\robot\autos\DoubleScore6.java,TRUE,FALSE,FALSE
START,ENTER,C:\Users\wpwatson\dev\FRC2023\src\main\java\frc\robot\autos\LeaveCommunity.java,TRUE,FALSE,FALSE
START,ENTER,C:\Users\wpwatson\dev\FRC2023\src\main\java\frc\robot\autos\MiddleScoreEngage.java,TRUE,FALSE,FALSE
START,ENTER,C:\Users\wpwatson\dev\FRC2023\src\main\java\frc\robot\autos\Score1.java,TRUE,FALSE,FALSE
START,ENTER,C:\Users\wpwatson\dev\FRC2023\src\main\java\frc\robot\autos\Score1Dock.java,TRUE,FALSE,FALSE
START,ENTER,C:\Users\wpwatson\dev\FRC2023\src\main\java\frc\robot\autos\SecondGamePiece.java,TRUE,FALSE,FALSE
START,ENTER,C:\Users\wpwatson\dev\FRC2023\src\main\java\frc\robot\autos\SecondGamePiece6.java,TRUE,FALSE,FALSE
START,ENTER,C:\Users\wpwatson\dev\FRC2023\src\main\java\frc\robot\autos\SecondGamePieceScore.java,TRUE,FALSE,FALSE
START,ENTER,C:\Users\wpwatson\dev\FRC2023\src\main\java\frc\robot\autos\TrajectoryBase.java,TRUE,FALSE,FALSE
START,ENTER,C:\Users\wpwatson\dev\FRC2023\src\main\java\frc\robot\autos\TripleScore.java,TRUE,FALSE,FALSE
START,ENTER,C:\Users\wpwatson\dev\FRC2023\src\main\java\frc\robot\autos\TripleScore6.java,TRUE,FALSE,FALSE
START,ENTER,C:\Users\wpwatson\dev\FRC2023\src\main\java\frc\robot\commands\arm\ArmMoving.java,TRUE,FALSE,FALSE
START,ENTER,C:\Users\wpwatson\dev\FRC2023\src\main\java\frc\robot\commands\arm\ConeIntake.java,TRUE,FALSE,FALSE
START,ENTER,C:\Users\wpwatson\dev\FRC2023\src\main\java\frc\robot\commands\arm\ConeUpIntake.java,TRUE,FALSE,FALSE
START,ENTER,C:\Users\wpwatson\dev\FRC2023\src\main\java\frc\robot\commands\arm\CubeIntake.java,TRUE,FALSE,FALSE
START,ENTER,C:\Users\wpwatson\dev\FRC2023\src\main\java\frc\robot\commands\arm\DockArm.java,TRUE,FALSE,FALSE
START,ENTER,C:\Users\wpwatson\dev\FRC2023\src\main\java\frc\robot\commands\arm\MoveArm.java,TRUE,FALSE,FALSE
START,ENTER,C:\Users\wpwatson\dev\FRC2023\src\main\java\frc\robot\commands\arm\ScoreArm.java,TRUE,FALSE,FALSE
START,ENTER,C:\Users\wpwatson\dev\FRC2023\src\main\java\frc\robot\commands\arm\VariableArm.java,TRUE,FALSE,FALSE
START,ENTER,C:\Users\wpwatson\dev\FRC2023\src\main\java\frc\robot\commands\drive\ClimbPlatform.java,TRUE,FALSE,FALSE
START,ENTER,C:\Users\wpwatson\dev\FRC2023\src\main\java\frc\robot\commands\drive\MoveToEngage.java,TRUE,FALSE,FALSE
START,ENTER,C:\Users\wpwatson\dev\FRC2023\src\main\java\frc\robot\commands\drive\MoveToPos.java,TRUE,FALSE,FALSE
START,ENTER,C:\Users\wpwatson\dev\FRC2023\src\main\java\frc\robot\commands\drive\MoveToScore.java,TRUE,FALSE,FALSE
START,ENTER,C:\Users\wpwatson\dev\FRC2023\src\main\java\frc\robot\commands\drive\TeleopSwerve.java,TRUE,FALSE,FALSE
START,ENTER,C:\Users\wpwatson\dev\FRC2023\src\main\java\frc\robot\commands\drive\TurnToAngle.java,TRUE,FALSE,FALSE
START,ENTER,C:\Users\wpwatson\dev\FRC2023\src\main\java\frc\robot\commands\leds\BouncingBalls.java,TRUE,FALSE,FALSE
START,ENTER,C:\Users\wpwatson\dev\FRC2023\src\main\java\frc\robot\commands\leds\FireLEDs.java,TRUE,FALSE,FALSE
START,ENTER,C:\Users\wpwatson\dev\FRC2023\src\main\java\frc\robot\commands\leds\FlashingLEDColor.java,TRUE,FALSE,FALSE
START,ENTER,C:\Users\wpwatson\dev\FRC2023\src\main\java\frc\robot\commands\leds\MeteorRain.java,TRUE,FALSE,FALSE
START,ENTER,C:\Users\wpwatson\dev\FRC2023\src\main\java\frc\robot\commands\leds\MorseCodeFlash.java,TRUE,FALSE,FALSE
START,ENTER,C:\Users\wpwatson\dev\FRC2023\src\main\java\frc\robot\commands\leds\MorseCodeStream.java,TRUE,FALSE,FALSE
START,ENTER,C:\Users\wpwatson\dev\FRC2023\src\main\java\frc\robot\commands\leds\MovingColorLEDs.java,TRUE,FALSE,FALSE
START,ENTER,C:\Users\wpwatson\dev\FRC2023\src\main\java\frc\robot\commands\leds\PoliceLEDs.java,TRUE,FALSE,FALSE
START,ENTER,C:\Users\wpwatson\dev\FRC2023\src\main\java\frc\robot\commands\leds\RainbowLEDs.java,TRUE,FALSE,FALSE
START,ENTER,C:\Users\wpwatson\dev\FRC2023\src\main\java\frc\robot\commands\leds\Twinkle.java,TRUE,FALSE,FALSE
START,ENTER,C:\Users\wpwatson\dev\FRC2023\src\main\java\frc\robot\commands\test\TestArm.java,TRUE,FALSE,FALSE
START,ENTER,C:\Users\wpwatson\dev\FRC2023\src\main\java\frc\robot\commands\test\TestTransform.java,TRUE,FALSE,FALSE
START,ENTER,C:\Users\wpwatson\dev\FRC2023\src\main\java\frc\robot\commands\wrist\AutoWrist.java,TRUE,FALSE,FALSE
START,ENTER,C:\Users\wpwatson\dev\FRC2023\src\main\java\frc\robot\commands\wrist\VariableIntake.java,TRUE,FALSE,FALSE
START,ENTER,C:\Users\wpwatson\dev\FRC2023\src\main\java\frc\robot\commands\wrist\WristIntakeIn.java,TRUE,FALSE,FALSE
START,ENTER,C:\Users\wpwatson\dev\FRC2023\src\main\java\frc\robot\commands\wrist\WristIntakeRelease.java,TRUE,FALSE,FALSE
START,ENTER,C:\Users\wpwatson\dev\FRC2023\src\main\java\frc\robot\Constants.java,TRUE,FALSE,FALSE
START,ENTER,C:\Users\wpwatson\dev\FRC2023\src\main\java\frc\robot\Main.java,TRUE,FALSE,FALSE
START,ENTER,C:\Users\wpwatson\dev\FRC2023\src\main\java\frc\robot\Robot.java,TRUE,FALSE,FALSE
START,ENTER,C:\Users\wpwatson\dev\FRC2023\src\main\java\frc\robot\RobotContainer.java,TRUE,FALSE,FALSE
START,ENTER,C:\Users\wpwatson\dev\FRC2023\src\main\java\frc\robot\subsystems\Arm.java,TRUE,FALSE,FALSE
START,ENTER,C:\Users\wpwatson\dev\FRC2023\src\main\java\frc\robot\subsystems\LEDs.java,TRUE,FALSE,FALSE
START,ENTER,C:\Users\wpwatson\dev\FRC2023\src\main\java\frc\robot\subsystems\Swerve.java,TRUE,FALSE,FALSE
START,ENTER,C:\Users\wpwatson\dev\FRC2023\src\main\java\frc\robot\subsystems\WristIntake.java,TRUE,FALSE,FALSE
FINISH,ENTER,C:\Users\wpwatson\dev\FRC2023\src\main\java\frc\lib\math\AngledElevatorFeedForward.java,TRUE,FALSE,FALSE
FINISH,ENTER,C:\Users\wpwatson\dev\FRC2023\src\main\java\frc\lib\math\ArmFeedForwardTunable.java,TRUE,FALSE,FALSE
FINISH,ENTER,C:\Users\wpwatson\dev\FRC2023\src\main\java\frc\lib\math\Conversions.java,TRUE,FALSE,FALSE
FINISH,ENTER,C:\Users\wpwatson\dev\FRC2023\src\main\java\frc\lib\math\DoubleJointedArmFeedforward.java,TRUE,FALSE,FALSE
FINISH,ENTER,C:\Users\wpwatson\dev\FRC2023\src\main\java\frc\lib\util\ArmPosition.java,TRUE,FALSE,FALSE
FINISH,ENTER,C:\Users\wpwatson\dev\FRC2023\src\main\java\frc\lib\util\ctre\CTREConfigs.java,TRUE,FALSE,FALSE
FINISH,ENTER,C:\Users\wpwatson\dev\FRC2023\src\main\java\frc\lib\util\ctre\CTREModuleState.java,TRUE,FALSE,FALSE
FINISH,ENTER,C:\Users\wpwatson\dev\FRC2023\src\main\java\frc\lib\util\DisabledInstantCommand.java,TRUE,FALSE,FALSE
FINISH,ENTER,C:\Users\wpwatson\dev\FRC2023\src\main\java\frc\lib\util\DynamicWaitCommand.java,TRUE,FALSE,FALSE
FINISH,ENTER,C:\Users\wpwatson\dev\FRC2023\src\main\java\frc\lib\util\FieldConstants.java,TRUE,FALSE,FALSE
FINISH,ENTER,C:\Users\wpwatson\dev\FRC2023\src\main\java\frc\lib\util\MorseCode.java,TRUE,FALSE,FALSE
FINISH,ENTER,C:\Users\wpwatson\dev\FRC2023\src\main\java\frc\lib\util\pathplanner\PathPlannerTrajectory1.java,TRUE,FALSE,FALSE
FINISH,ENTER,C:\Users\wpwatson\dev\FRC2023\src\main\java\frc\lib\util\pathplanner\PPSwerveControllerCommand1.java,TRUE,FALSE,FALSE
FINISH,ENTER,C:\Users\wpwatson\dev\FRC2023\src\main\java\frc\lib\util\PhotonCameraWrapper.java,TRUE,FALSE,FALSE
FINISH,ENTER,C:\Users\wpwatson\dev\FRC2023\src\main\java\frc\lib\util\Scoring.java,TRUE,FALSE,FALSE
FINISH,ENTER,C:\Users\wpwatson\dev\FRC2023\src\main\java\frc\lib\util\swerve\SwerveModule.java,TRUE,FALSE,FALSE
FINISH,ENTER,C:\Users\wpwatson\dev\FRC2023\src\main\java\frc\lib\util\swerve\SwerveModuleConstants.java,TRUE,FALSE,FALSE
FINISH,ENTER,C:\Users\wpwatson\dev\FRC2023\src\main\java\frc\robot\autos\ClimbPlatformAuto.java,TRUE,FALSE,FALSE
FINISH,ENTER,C:\Users\wpwatson\dev\FRC2023\src\main\java\frc\robot\autos\CrossAndDock.java,TRUE,FALSE,FALSE
FINISH,ENTER,C:\Users\wpwatson\dev\FRC2023\src\main\java\frc\robot\autos\DoubleScore.java,TRUE,FALSE,FALSE
FINISH,ENTER,C:\Users\wpwatson\dev\FRC2023\src\main\java\frc\robot\autos\DoubleScore6.java,TRUE,FALSE,FALSE
FINISH,ENTER,C:\Users\wpwatson\dev\FRC2023\src\main\java\frc\robot\autos\LeaveCommunity.java,TRUE,FALSE,FALSE
FINISH,ENTER,C:\Users\wpwatson\dev\FRC2023\src\main\java\frc\robot\autos\MiddleScoreEngage.java,TRUE,FALSE,FALSE
FINISH,ENTER,C:\Users\wpwatson\dev\FRC2023\src\main\java\frc\robot\autos\Score1.java,TRUE,FALSE,FALSE
FINISH,ENTER,C:\Users\wpwatson\dev\FRC2023\src\main\java\frc\robot\autos\Score1Dock.java,TRUE,FALSE,FALSE
FINISH,ENTER,C:\Users\wpwatson\dev\FRC2023\src\main\java\frc\robot\autos\SecondGamePiece.java,TRUE,FALSE,FALSE
FINISH,ENTER,C:\Users\wpwatson\dev\FRC2023\src\main\java\frc\robot\autos\SecondGamePiece6.java,TRUE,FALSE,FALSE
FINISH,ENTER,C:\Users\wpwatson\dev\FRC2023\src\main\java\frc\robot\autos\SecondGamePieceScore.java,TRUE,FALSE,FALSE
FINISH,ENTER,C:\Users\wpwatson\dev\FRC2023\src\main\java\frc\robot\autos\TrajectoryBase.java,TRUE,FALSE,FALSE
FINISH,ENTER,C:\Users\wpwatson\dev\FRC2023\src\main\java\frc\robot\autos\TripleScore.java,TRUE,FALSE,FALSE
FINISH,ENTER,C:\Users\wpwatson\dev\FRC2023\src\main\java\frc\robot\autos\TripleScore6.java,TRUE,FALSE,FALSE
FINISH,ENTER,C:\Users\wpwatson\dev\FRC2023\src\main\java\frc\robot\commands\arm\ArmMoving.java,TRUE,FALSE,FALSE
FINISH,ENTER,C:\Users\wpwatson\dev\FRC2023\src\main\java\frc\robot\commands\arm\ConeIntake.java,TRUE,FALSE,FALSE
FINISH,ENTER,C:\Users\wpwatson\dev\FRC2023\src\main\java\frc\robot\commands\arm\ConeUpIntake.java,TRUE,FALSE,FALSE
FINISH,ENTER,C:\Users\wpwatson\dev\FRC2023\src\main\java\frc\robot\commands\arm\CubeIntake.java,TRUE,FALSE,FALSE
FINISH,ENTER,C:\Users\wpwatson\dev\FRC2023\src\main\java\frc\robot\commands\arm\DockArm.java,TRUE,FALSE,FALSE
FINISH,ENTER,C:\Users\wpwatson\dev\FRC2023\src\main\java\frc\robot\commands\arm\MoveArm.java,TRUE,FALSE,FALSE
FINISH,ENTER,C:\Users\wpwatson\dev\FRC2023\src\main\java\frc\robot\commands\arm\ScoreArm.java,TRUE,FALSE,FALSE
FINISH,ENTER,C:\Users\wpwatson\dev\FRC2023\src\main\java\frc\robot\commands\arm\VariableArm.java,TRUE,FALSE,FALSE
FINISH,ENTER,C:\Users\wpwatson\dev\FRC2023\src\main\java\frc\robot\commands\drive\ClimbPlatform.java,TRUE,FALSE,FALSE
FINISH,ENTER,C:\Users\wpwatson\dev\FRC2023\src\main\java\frc\robot\commands\drive\MoveToEngage.java,TRUE,FALSE,FALSE
FINISH,ENTER,C:\Users\wpwatson\dev\FRC2023\src\main\java\frc\robot\commands\drive\MoveToPos.java,TRUE,FALSE,FALSE
FINISH,ENTER,C:\Users\wpwatson\dev\FRC2023\src\main\java\frc\robot\commands\drive\MoveToScore.java,TRUE,FALSE,FALSE
FINISH,ENTER,C:\Users\wpwatson\dev\FRC2023\src\main\java\frc\robot\commands\drive\TeleopSwerve.java,TRUE,FALSE,FALSE
FINISH,ENTER,C:\Users\wpwatson\dev\FRC2023\src\main\java\frc\robot\commands\drive\TurnToAngle.java,TRUE,FALSE,FALSE
FINISH,ENTER,C:\Users\wpwatson\dev\FRC2023\src\main\java\frc\robot\commands\leds\BouncingBalls.java,TRUE,FALSE,FALSE
FINISH,ENTER,C:\Users\wpwatson\dev\FRC2023\src\main\java\frc\robot\commands\leds\FireLEDs.java,TRUE,FALSE,FALSE
FINISH,ENTER,C:\Users\wpwatson\dev\FRC2023\src\main\java\frc\robot\commands\leds\FlashingLEDColor.java,TRUE,FALSE,FALSE
FINISH,ENTER,C:\Users\wpwatson\dev\FRC2023\src\main\java\frc\robot\commands\leds\MeteorRain.java,TRUE,FALSE,FALSE
FINISH,ENTER,C:\Users\wpwatson\dev\FRC2023\src\main\java\frc\robot\commands\leds\MorseCodeFlash.java,TRUE,FALSE,FALSE
FINISH,ENTER,C:\Users\wpwatson\dev\FRC2023\src\main\java\frc\robot\commands\leds\MorseCodeStream.java,TRUE,FALSE,FALSE
FINISH,ENTER,C:\Users\wpwatson\dev\FRC2023\src\main\java\frc\robot\commands\leds\MovingColorLEDs.java,TRUE,FALSE,FALSE
FINISH,ENTER,C:\Users\wpwatson\dev\FRC2023\src\main\java\frc\robot\commands\leds\PoliceLEDs.java,TRUE,FALSE,FALSE
FINISH,ENTER,C:\Users\wpwatson\dev\FRC2023\src\main\java\frc\robot\commands\leds\RainbowLEDs.java,TRUE,FALSE,FALSE
FINISH,ENTER,C:\Users\wpwatson\dev\FRC2023\src\main\java\frc\robot\commands\leds\Twinkle.java,TRUE,FALSE,FALSE
FINISH,ENTER,C:\Users\wpwatson\dev\FRC2023\src\main\java\frc\robot\commands\test\TestArm.java,TRUE,FALSE,FALSE
FINISH,ENTER,C:\Users\wpwatson\dev\FRC2023\src\main\java\frc\robot\commands\test\TestTransform.java,TRUE,FALSE,FALSE
FINISH,ENTER,C:\Users\wpwatson\dev\FRC2023\src\main\java\frc\robot\commands\wrist\AutoWrist.java,TRUE,FALSE,FALSE
FINISH,ENTER,C:\Users\wpwatson\dev\FRC2023\src\main\java\frc\robot\commands\wrist\VariableIntake.java,TRUE,FALSE,FALSE
FINISH,ENTER,C:\Users\wpwatson\dev\FRC2023\src\main\java\frc\robot\commands\wrist\WristIntakeIn.java,TRUE,FALSE,FALSE
FINISH,ENTER,C:\Users\wpwatson\dev\FRC2023\src\main\java\frc\robot\commands\wrist\WristIntakeRelease.java,TRUE,FALSE,FALSE
FINISH,ENTER,C:\Users\wpwatson\dev\FRC2023\src\main\java\frc\robot\Constants.java,TRUE,FALSE,FALSE
FINISH,ENTER,C:\Users\wpwatson\dev\FRC2023\src\main\java\frc\robot\Main.java,TRUE,FALSE,FALSE
FINISH,ENTER,C:\Users\wpwatson\dev\FRC2023\src\main\java\frc\robot\Robot.java,TRUE,FALSE,FALSE
FINISH,ENTER,C:\Users\wpwatson\dev\FRC2023\src\main\java\frc\robot\RobotContainer.java,TRUE,FALSE,FALSE
FINISH,ENTER,C:\Users\wpwatson\dev\FRC2023\src\main\java\frc\robot\subsystems\Arm.java,TRUE,FALSE,FALSE
FINISH,ENTER,C:\Users\wpwatson\dev\FRC2023\src\main\java\frc\robot\subsystems\LEDs.java,TRUE,FALSE,FALSE
FINISH,ENTER,C:\Users\wpwatson\dev\FRC2023\src\main\java\frc\robot\subsystems\Swerve.java,TRUE,FALSE,FALSE
FINISH,ENTER,C:\Users\wpwatson\dev\FRC2023\src\main\java\frc\robot\subsystems\WristIntake.java,TRUE,FALSE,FALSE
START,ANNOTATION_PROCESSING_ROUND,,FALSE,FALSE,FALSE
process
FINISH,ANNOTATION_PROCESSING_ROUND,,FALSE,FALSE,FALSE
START,ENTER,C:\Users\wpwatson\dev\FRC2023\src\main\java\frc\lib\math\AngledElevatorFeedForward.java,TRUE,FALSE,FALSE
START,ENTER,C:\Users\wpwatson\dev\FRC2023\src\main\java\frc\lib\math\ArmFeedForwardTunable.java,TRUE,FALSE,FALSE
START,ENTER,C:\Users\wpwatson\dev\FRC2023\src\main\java\frc\lib\math\Conversions.java,TRUE,FALSE,FALSE
START,ENTER,C:\Users\wpwatson\dev\FRC2023\src\main\java\frc\lib\math\DoubleJointedArmFeedforward.java,TRUE,FALSE,FALSE
START,ENTER,C:\Users\wpwatson\dev\FRC2023\src\main\java\frc\lib\util\ArmPosition.java,TRUE,FALSE,FALSE
START,ENTER,C:\Users\wpwatson\dev\FRC2023\src\main\java\frc\lib\util\ctre\CTREConfigs.java,TRUE,FALSE,FALSE
START,ENTER,C:\Users\wpwatson\dev\FRC2023\src\main\java\frc\lib\util\ctre\CTREModuleState.java,TRUE,FALSE,FALSE
START,ENTER,C:\Users\wpwatson\dev\FRC2023\src\main\java\frc\lib\util\DisabledInstantCommand.java,TRUE,FALSE,FALSE
START,ENTER,C:\Users\wpwatson\dev\FRC2023\src\main\java\frc\lib\util\DynamicWaitCommand.java,TRUE,FALSE,FALSE
START,ENTER,C:\Users\wpwatson\dev\FRC2023\src\main\java\frc\lib\util\FieldConstants.java,TRUE,FALSE,FALSE
START,ENTER,C:\Users\wpwatson\dev\FRC2023\src\main\java\frc\lib\util\MorseCode.java,TRUE,FALSE,FALSE
START,ENTER,C:\Users\wpwatson\dev\FRC2023\src\main\java\frc\lib\util\pathplanner\PathPlannerTrajectory1.java,TRUE,FALSE,FALSE
START,ENTER,C:\Users\wpwatson\dev\FRC2023\src\main\java\frc\lib\util\pathplanner\PPSwerveControllerCommand1.java,TRUE,FALSE,FALSE
START,ENTER,C:\Users\wpwatson\dev\FRC2023\src\main\java\frc\lib\util\PhotonCameraWrapper.java,TRUE,FALSE,FALSE
START,ENTER,C:\Users\wpwatson\dev\FRC2023\src\main\java\frc\lib\util\Scoring.java,TRUE,FALSE,FALSE
START,ENTER,C:\Users\wpwatson\dev\FRC2023\src\main\java\frc\lib\util\swerve\SwerveModule.java,TRUE,FALSE,FALSE
START,ENTER,C:\Users\wpwatson\dev\FRC2023\src\main\java\frc\lib\util\swerve\SwerveModuleConstants.java,TRUE,FALSE,FALSE
START,ENTER,C:\Users\wpwatson\dev\FRC2023\src\main\java\frc\robot\autos\ClimbPlatformAuto.java,TRUE,FALSE,FALSE
START,ENTER,C:\Users\wpwatson\dev\FRC2023\src\main\java\frc\robot\autos\CrossAndDock.java,TRUE,FALSE,FALSE
START,ENTER,C:\Users\wpwatson\dev\FRC2023\src\main\java\frc\robot\autos\DoubleScore.java,TRUE,FALSE,FALSE
START,ENTER,C:\Users\wpwatson\dev\FRC2023\src\main\java\frc\robot\autos\DoubleScore6.java,TRUE,FALSE,FALSE
START,ENTER,C:\Users\wpwatson\dev\FRC2023\src\main\java\frc\robot\autos\LeaveCommunity.java,TRUE,FALSE,FALSE
START,ENTER,C:\Users\wpwatson\dev\FRC2023\src\main\java\frc\robot\autos\MiddleScoreEngage.java,TRUE,FALSE,FALSE
START,ENTER,C:\Users\wpwatson\dev\FRC2023\src\main\java\frc\robot\autos\Score1.java,TRUE,FALSE,FALSE
START,ENTER,C:\Users\wpwatson\dev\FRC2023\src\main\java\frc\robot\autos\Score1Dock.java,TRUE,FALSE,FALSE
START,ENTER,C:\Users\wpwatson\dev\FRC2023\src\main\java\frc\robot\autos\SecondGamePiece.java,TRUE,FALSE,FALSE
START,ENTER,C:\Users\wpwatson\dev\FRC2023\src\main\java\frc\robot\autos\SecondGamePiece6.java,TRUE,FALSE,FALSE
START,ENTER,C:\Users\wpwatson\dev\FRC2023\src\main\java\frc\robot\autos\SecondGamePieceScore.java,TRUE,FALSE,FALSE
START,ENTER,C:\Users\wpwatson\dev\FRC2023\src\main\java\frc\robot\autos\TrajectoryBase.java,TRUE,FALSE,FALSE
START,ENTER,C:\Users\wpwatson\dev\FRC2023\src\main\java\frc\robot\autos\TripleScore.java,TRUE,FALSE,FALSE
START,ENTER,C:\Users\wpwatson\dev\FRC2023\src\main\java\frc\robot\autos\TripleScore6.java,TRUE,FALSE,FALSE
START,ENTER,C:\Users\wpwatson\dev\FRC2023\src\main\java\frc\robot\commands\arm\ArmMoving.java,TRUE,FALSE,FALSE
START,ENTER,C:\Users\wpwatson\dev\FRC2023\src\main\java\frc\robot\commands\arm\ConeIntake.java,TRUE,FALSE,FALSE
START,ENTER,C:\Users\wpwatson\dev\FRC2023\src\main\java\frc\robot\commands\arm\ConeUpIntake.java,TRUE,FALSE,FALSE
START,ENTER,C:\Users\wpwatson\dev\FRC2023\src\main\java\frc\robot\commands\arm\CubeIntake.java,TRUE,FALSE,FALSE
START,ENTER,C:\Users\wpwatson\dev\FRC2023\src\main\java\frc\robot\commands\arm\DockArm.java,TRUE,FALSE,FALSE
START,ENTER,C:\Users\wpwatson\dev\FRC2023\src\main\java\frc\robot\commands\arm\MoveArm.java,TRUE,FALSE,FALSE
START,ENTER,C:\Users\wpwatson\dev\FRC2023\src\main\java\frc\robot\commands\arm\ScoreArm.java,TRUE,FALSE,FALSE
START,ENTER,C:\Users\wpwatson\dev\FRC2023\src\main\java\frc\robot\commands\arm\VariableArm.java,TRUE,FALSE,FALSE
START,ENTER,C:\Users\wpwatson\dev\FRC2023\src\main\java\frc\robot\commands\drive\ClimbPlatform.java,TRUE,FALSE,FALSE
START,ENTER,C:\Users\wpwatson\dev\FRC2023\src\main\java\frc\robot\commands\drive\MoveToEngage.java,TRUE,FALSE,FALSE
START,ENTER,C:\Users\wpwatson\dev\FRC2023\src\main\java\frc\robot\commands\drive\MoveToPos.java,TRUE,FALSE,FALSE
START,ENTER,C:\Users\wpwatson\dev\FRC2023\src\main\java\frc\robot\commands\drive\MoveToScore.java,TRUE,FALSE,FALSE
START,ENTER,C:\Users\wpwatson\dev\FRC2023\src\main\java\frc\robot\commands\drive\TeleopSwerve.java,TRUE,FALSE,FALSE
START,ENTER,C:\Users\wpwatson\dev\FRC2023\src\main\java\frc\robot\commands\drive\TurnToAngle.java,TRUE,FALSE,FALSE
START,ENTER,C:\Users\wpwatson\dev\FRC2023\src\main\java\frc\robot\commands\leds\BouncingBalls.java,TRUE,FALSE,FALSE
START,ENTER,C:\Users\wpwatson\dev\FRC2023\src\main\java\frc\robot\commands\leds\FireLEDs.java,TRUE,FALSE,FALSE
START,ENTER,C:\Users\wpwatson\dev\FRC2023\src\main\java\frc\robot\commands\leds\FlashingLEDColor.java,TRUE,FALSE,FALSE
START,ENTER,C:\Users\wpwatson\dev\FRC2023\src\main\java\frc\robot\commands\leds\MeteorRain.java,TRUE,FALSE,FALSE
START,ENTER,C:\Users\wpwatson\dev\FRC2023\src\main\java\frc\robot\commands\leds\MorseCodeFlash.java,TRUE,FALSE,FALSE
START,ENTER,C:\Users\wpwatson\dev\FRC2023\src\main\java\frc\robot\commands\leds\MorseCodeStream.java,TRUE,FALSE,FALSE
START,ENTER,C:\Users\wpwatson\dev\FRC2023\src\main\java\frc\robot\commands\leds\MovingColorLEDs.java,TRUE,FALSE,FALSE
START,ENTER,C:\Users\wpwatson\dev\FRC2023\src\main\java\frc\robot\commands\leds\PoliceLEDs.java,TRUE,FALSE,FALSE
START,ENTER,C:\Users\wpwatson\dev\FRC2023\src\main\java\frc\robot\commands\leds\RainbowLEDs.java,TRUE,FALSE,FALSE
START,ENTER,C:\Users\wpwatson\dev\FRC2023\src\main\java\frc\robot\commands\leds\Twinkle.java,TRUE,FALSE,FALSE
START,ENTER,C:\Users\wpwatson\dev\FRC2023\src\main\java\frc\robot\commands\test\TestArm.java,TRUE,FALSE,FALSE
START,ENTER,C:\Users\wpwatson\dev\FRC2023\src\main\java\frc\robot\commands\test\TestTransform.java,TRUE,FALSE,FALSE
START,ENTER,C:\Users\wpwatson\dev\FRC2023\src\main\java\frc\robot\commands\wrist\AutoWrist.java,TRUE,FALSE,FALSE
START,ENTER,C:\Users\wpwatson\dev\FRC2023\src\main\java\frc\robot\commands\wrist\VariableIntake.java,TRUE,FALSE,FALSE
START,ENTER,C:\Users\wpwatson\dev\FRC2023\src\main\java\frc\robot\commands\wrist\WristIntakeIn.java,TRUE,FALSE,FALSE
START,ENTER,C:\Users\wpwatson\dev\FRC2023\src\main\java\frc\robot\commands\wrist\WristIntakeRelease.java,TRUE,FALSE,FALSE
START,ENTER,C:\Users\wpwatson\dev\FRC2023\src\main\java\frc\robot\Constants.java,TRUE,FALSE,FALSE
START,ENTER,C:\Users\wpwatson\dev\FRC2023\src\main\java\frc\robot\Main.java,TRUE,FALSE,FALSE
START,ENTER,C:\Users\wpwatson\dev\FRC2023\src\main\java\frc\robot\Robot.java,TRUE,FALSE,FALSE
START,ENTER,C:\Users\wpwatson\dev\FRC2023\src\main\java\frc\robot\RobotContainer.java,TRUE,FALSE,FALSE
START,ENTER,C:\Users\wpwatson\dev\FRC2023\src\main\java\frc\robot\subsystems\Arm.java,TRUE,FALSE,FALSE
START,ENTER,C:\Users\wpwatson\dev\FRC2023\src\main\java\frc\robot\subsystems\LEDs.java,TRUE,FALSE,FALSE
START,ENTER,C:\Users\wpwatson\dev\FRC2023\src\main\java\frc\robot\subsystems\Swerve.java,TRUE,FALSE,FALSE
START,ENTER,C:\Users\wpwatson\dev\FRC2023\src\main\java\frc\robot\subsystems\WristIntake.java,TRUE,FALSE,FALSE
FINISH,ENTER,C:\Users\wpwatson\dev\FRC2023\src\main\java\frc\lib\math\AngledElevatorFeedForward.java,TRUE,FALSE,FALSE
FINISH,ENTER,C:\Users\wpwatson\dev\FRC2023\src\main\java\frc\lib\math\ArmFeedForwardTunable.java,TRUE,FALSE,FALSE
FINISH,ENTER,C:\Users\wpwatson\dev\FRC2023\src\main\java\frc\lib\math\Conversions.java,TRUE,FALSE,FALSE
FINISH,ENTER,C:\Users\wpwatson\dev\FRC2023\src\main\java\frc\lib\math\DoubleJointedArmFeedforward.java,TRUE,FALSE,FALSE
FINISH,ENTER,C:\Users\wpwatson\dev\FRC2023\src\main\java\frc\lib\util\ArmPosition.java,TRUE,FALSE,FALSE
FINISH,ENTER,C:\Users\wpwatson\dev\FRC2023\src\main\java\frc\lib\util\ctre\CTREConfigs.java,TRUE,FALSE,FALSE
FINISH,ENTER,C:\Users\wpwatson\dev\FRC2023\src\main\java\frc\lib\util\ctre\CTREModuleState.java,TRUE,FALSE,FALSE
FINISH,ENTER,C:\Users\wpwatson\dev\FRC2023\src\main\java\frc\lib\util\DisabledInstantCommand.java,TRUE,FALSE,FALSE
FINISH,ENTER,C:\Users\wpwatson\dev\FRC2023\src\main\java\frc\lib\util\DynamicWaitCommand.java,TRUE,FALSE,FALSE
FINISH,ENTER,C:\Users\wpwatson\dev\FRC2023\src\main\java\frc\lib\util\FieldConstants.java,TRUE,FALSE,FALSE
FINISH,ENTER,C:\Users\wpwatson\dev\FRC2023\src\main\java\frc\lib\util\MorseCode.java,TRUE,FALSE,FALSE
FINISH,ENTER,C:\Users\wpwatson\dev\FRC2023\src\main\java\frc\lib\util\pathplanner\PathPlannerTrajectory1.java,TRUE,FALSE,FALSE
FINISH,ENTER,C:\Users\wpwatson\dev\FRC2023\src\main\java\frc\lib\util\pathplanner\PPSwerveControllerCommand1.java,TRUE,FALSE,FALSE
FINISH,ENTER,C:\Users\wpwatson\dev\FRC2023\src\main\java\frc\lib\util\PhotonCameraWrapper.java,TRUE,FALSE,FALSE
FINISH,ENTER,C:\Users\wpwatson\dev\FRC2023\src\main\java\frc\lib\util\Scoring.java,TRUE,FALSE,FALSE
FINISH,ENTER,C:\Users\wpwatson\dev\FRC2023\src\main\java\frc\lib\util\swerve\SwerveModule.java,TRUE,FALSE,FALSE
FINISH,ENTER,C:\Users\wpwatson\dev\FRC2023\src\main\java\frc\lib\util\swerve\SwerveModuleConstants.java,TRUE,FALSE,FALSE
FINISH,ENTER,C:\Users\wpwatson\dev\FRC2023\src\main\java\frc\robot\autos\ClimbPlatformAuto.java,TRUE,FALSE,FALSE
FINISH,ENTER,C:\Users\wpwatson\dev\FRC2023\src\main\java\frc\robot\autos\CrossAndDock.java,TRUE,FALSE,FALSE
FINISH,ENTER,C:\Users\wpwatson\dev\FRC2023\src\main\java\frc\robot\autos\DoubleScore.java,TRUE,FALSE,FALSE
FINISH,ENTER,C:\Users\wpwatson\dev\FRC2023\src\main\java\frc\robot\autos\DoubleScore6.java,TRUE,FALSE,FALSE
FINISH,ENTER,C:\Users\wpwatson\dev\FRC2023\src\main\java\frc\robot\autos\LeaveCommunity.java,TRUE,FALSE,FALSE
FINISH,ENTER,C:\Users\wpwatson\dev\FRC2023\src\main\java\frc\robot\autos\MiddleScoreEngage.java,TRUE,FALSE,FALSE
FINISH,ENTER,C:\Users\wpwatson\dev\FRC2023\src\main\java\frc\robot\autos\Score1.java,TRUE,FALSE,FALSE
FINISH,ENTER,C:\Users\wpwatson\dev\FRC2023\src\main\java\frc\robot\autos\Score1Dock.java,TRUE,FALSE,FALSE
FINISH,ENTER,C:\Users\wpwatson\dev\FRC2023\src\main\java\frc\robot\autos\SecondGamePiece.java,TRUE,FALSE,FALSE
FINISH,ENTER,C:\Users\wpwatson\dev\FRC2023\src\main\java\frc\robot\autos\SecondGamePiece6.java,TRUE,FALSE,FALSE
FINISH,ENTER,C:\Users\wpwatson\dev\FRC2023\src\main\java\frc\robot\autos\SecondGamePieceScore.java,TRUE,FALSE,FALSE
FINISH,ENTER,C:\Users\wpwatson\dev\FRC2023\src\main\java\frc\robot\autos\TrajectoryBase.java,TRUE,FALSE,FALSE
FINISH,ENTER,C:\Users\wpwatson\dev\FRC2023\src\main\java\frc\robot\autos\TripleScore.java,TRUE,FALSE,FALSE
FINISH,ENTER,C:\Users\wpwatson\dev\FRC2023\src\main\java\frc\robot\autos\TripleScore6.java,TRUE,FALSE,FALSE
FINISH,ENTER,C:\Users\wpwatson\dev\FRC2023\src\main\java\frc\robot\commands\arm\ArmMoving.java,TRUE,FALSE,FALSE
FINISH,ENTER,C:\Users\wpwatson\dev\FRC2023\src\main\java\frc\robot\commands\arm\ConeIntake.java,TRUE,FALSE,FALSE
FINISH,ENTER,C:\Users\wpwatson\dev\FRC2023\src\main\java\frc\robot\commands\arm\ConeUpIntake.java,TRUE,FALSE,FALSE
FINISH,ENTER,C:\Users\wpwatson\dev\FRC2023\src\main\java\frc\robot\commands\arm\CubeIntake.java,TRUE,FALSE,FALSE
FINISH,ENTER,C:\Users\wpwatson\dev\FRC2023\src\main\java\frc\robot\commands\arm\DockArm.java,TRUE,FALSE,FALSE
FINISH,ENTER,C:\Users\wpwatson\dev\FRC2023\src\main\java\frc\robot\commands\arm\MoveArm.java,TRUE,FALSE,FALSE
FINISH,ENTER,C:\Users\wpwatson\dev\FRC2023\src\main\java\frc\robot\commands\arm\ScoreArm.java,TRUE,FALSE,FALSE
FINISH,ENTER,C:\Users\wpwatson\dev\FRC2023\src\main\java\frc\robot\commands\arm\VariableArm.java,TRUE,FALSE,FALSE
FINISH,ENTER,C:\Users\wpwatson\dev\FRC2023\src\main\java\frc\robot\commands\drive\ClimbPlatform.java,TRUE,FALSE,FALSE
FINISH,ENTER,C:\Users\wpwatson\dev\FRC2023\src\main\java\frc\robot\commands\drive\MoveToEngage.java,TRUE,FALSE,FALSE
FINISH,ENTER,C:\Users\wpwatson\dev\FRC2023\src\main\java\frc\robot\commands\drive\MoveToPos.java,TRUE,FALSE,FALSE
FINISH,ENTER,C:\Users\wpwatson\dev\FRC2023\src\main\java\frc\robot\commands\drive\MoveToScore.java,TRUE,FALSE,FALSE
FINISH,ENTER,C:\Users\wpwatson\dev\FRC2023\src\main\java\frc\robot\commands\drive\TeleopSwerve.java,TRUE,FALSE,FALSE
FINISH,ENTER,C:\Users\wpwatson\dev\FRC2023\src\main\java\frc\robot\commands\drive\TurnToAngle.java,TRUE,FALSE,FALSE
FINISH,ENTER,C:\Users\wpwatson\dev\FRC2023\src\main\java\frc\robot\commands\leds\BouncingBalls.java,TRUE,FALSE,FALSE
FINISH,ENTER,C:\Users\wpwatson\dev\FRC2023\src\main\java\frc\robot\commands\leds\FireLEDs.java,TRUE,FALSE,FALSE
FINISH,ENTER,C:\Users\wpwatson\dev\FRC2023\src\main\java\frc\robot\commands\leds\FlashingLEDColor.java,TRUE,FALSE,FALSE
FINISH,ENTER,C:\Users\wpwatson\dev\FRC2023\src\main\java\frc\robot\commands\leds\MeteorRain.java,TRUE,FALSE,FALSE
FINISH,ENTER,C:\Users\wpwatson\dev\FRC2023\src\main\java\frc\robot\commands\leds\MorseCodeFlash.java,TRUE,FALSE,FALSE
FINISH,ENTER,C:\Users\wpwatson\dev\FRC2023\src\main\java\frc\robot\commands\leds\MorseCodeStream.java,TRUE,FALSE,FALSE
FINISH,ENTER,C:\Users\wpwatson\dev\FRC2023\src\main\java\frc\robot\commands\leds\MovingColorLEDs.java,TRUE,FALSE,FALSE
FINISH,ENTER,C:\Users\wpwatson\dev\FRC2023\src\main\java\frc\robot\commands\leds\PoliceLEDs.java,TRUE,FALSE,FALSE
FINISH,ENTER,C:\Users\wpwatson\dev\FRC2023\src\main\java\frc\robot\commands\leds\RainbowLEDs.java,TRUE,FALSE,FALSE
FINISH,ENTER,C:\Users\wpwatson\dev\FRC2023\src\main\java\frc\robot\commands\leds\Twinkle.java,TRUE,FALSE,FALSE
FINISH,ENTER,C:\Users\wpwatson\dev\FRC2023\src\main\java\frc\robot\commands\test\TestArm.java,TRUE,FALSE,FALSE
FINISH,ENTER,C:\Users\wpwatson\dev\FRC2023\src\main\java\frc\robot\commands\test\TestTransform.java,TRUE,FALSE,FALSE
FINISH,ENTER,C:\Users\wpwatson\dev\FRC2023\src\main\java\frc\robot\commands\wrist\AutoWrist.java,TRUE,FALSE,FALSE
FINISH,ENTER,C:\Users\wpwatson\dev\FRC2023\src\main\java\frc\robot\commands\wrist\VariableIntake.java,TRUE,FALSE,FALSE
FINISH,ENTER,C:\Users\wpwatson\dev\FRC2023\src\main\java\frc\robot\commands\wrist\WristIntakeIn.java,TRUE,FALSE,FALSE
FINISH,ENTER,C:\Users\wpwatson\dev\FRC2023\src\main\java\frc\robot\commands\wrist\WristIntakeRelease.java,TRUE,FALSE,FALSE
FINISH,ENTER,C:\Users\wpwatson\dev\FRC2023\src\main\java\frc\robot\Constants.java,TRUE,FALSE,FALSE
FINISH,ENTER,C:\Users\wpwatson\dev\FRC2023\src\main\java\frc\robot\Main.java,TRUE,FALSE,FALSE
FINISH,ENTER,C:\Users\wpwatson\dev\FRC2023\src\main\java\frc\robot\Robot.java,TRUE,FALSE,FALSE
FINISH,ENTER,C:\Users\wpwatson\dev\FRC2023\src\main\java\frc\robot\RobotContainer.java,TRUE,FALSE,FALSE
FINISH,ENTER,C:\Users\wpwatson\dev\FRC2023\src\main\java\frc\robot\subsystems\Arm.java,TRUE,FALSE,FALSE
FINISH,ENTER,C:\Users\wpwatson\dev\FRC2023\src\main\java\frc\robot\subsystems\LEDs.java,TRUE,FALSE,FALSE
FINISH,ENTER,C:\Users\wpwatson\dev\FRC2023\src\main\java\frc\robot\subsystems\Swerve.java,TRUE,FALSE,FALSE
FINISH,ENTER,C:\Users\wpwatson\dev\FRC2023\src\main\java\frc\robot\subsystems\WristIntake.java,TRUE,FALSE,FALSE
START,ANNOTATION_PROCESSING_ROUND,,FALSE,FALSE,FALSE
process
FINISH,ANNOTATION_PROCESSING_ROUND,,FALSE,FALSE,FALSE
START,ENTER,C:\Users\wpwatson\dev\FRC2023\src\main\java\frc\lib\math\AngledElevatorFeedForward.java,TRUE,FALSE,FALSE
START,ENTER,C:\Users\wpwatson\dev\FRC2023\src\main\java\frc\lib\math\ArmFeedForwardTunable.java,TRUE,FALSE,FALSE
START,ENTER,C:\Users\wpwatson\dev\FRC2023\src\main\java\frc\lib\math\Conversions.java,TRUE,FALSE,FALSE
START,ENTER,C:\Users\wpwatson\dev\FRC2023\src\main\java\frc\lib\math\DoubleJointedArmFeedforward.java,TRUE,FALSE,FALSE
START,ENTER,C:\Users\wpwatson\dev\FRC2023\src\main\java\frc\lib\util\ArmPosition.java,TRUE,FALSE,FALSE
START,ENTER,C:\Users\wpwatson\dev\FRC2023\src\main\java\frc\lib\util\ctre\CTREConfigs.java,TRUE,FALSE,FALSE
START,ENTER,C:\Users\wpwatson\dev\FRC2023\src\main\java\frc\lib\util\ctre\CTREModuleState.java,TRUE,FALSE,FALSE
START,ENTER,C:\Users\wpwatson\dev\FRC2023\src\main\java\frc\lib\util\DisabledInstantCommand.java,TRUE,FALSE,FALSE
START,ENTER,C:\Users\wpwatson\dev\FRC2023\src\main\java\frc\lib\util\DynamicWaitCommand.java,TRUE,FALSE,FALSE
START,ENTER,C:\Users\wpwatson\dev\FRC2023\src\main\java\frc\lib\util\FieldConstants.java,TRUE,FALSE,FALSE
START,ENTER,C:\Users\wpwatson\dev\FRC2023\src\main\java\frc\lib\util\MorseCode.java,TRUE,FALSE,FALSE
START,ENTER,C:\Users\wpwatson\dev\FRC2023\src\main\java\frc\lib\util\pathplanner\PathPlannerTrajectory1.java,TRUE,FALSE,FALSE
START,ENTER,C:\Users\wpwatson\dev\FRC2023\src\main\java\frc\lib\util\pathplanner\PPSwerveControllerCommand1.java,TRUE,FALSE,FALSE
START,ENTER,C:\Users\wpwatson\dev\FRC2023\src\main\java\frc\lib\util\PhotonCameraWrapper.java,TRUE,FALSE,FALSE
START,ENTER,C:\Users\wpwatson\dev\FRC2023\src\main\java\frc\lib\util\Scoring.java,TRUE,FALSE,FALSE
START,ENTER,C:\Users\wpwatson\dev\FRC2023\src\main\java\frc\lib\util\swerve\SwerveModule.java,TRUE,FALSE,FALSE
START,ENTER,C:\Users\wpwatson\dev\FRC2023\src\main\java\frc\lib\util\swerve\SwerveModuleConstants.java,TRUE,FALSE,FALSE
START,ENTER,C:\Users\wpwatson\dev\FRC2023\src\main\java\frc\robot\autos\ClimbPlatformAuto.java,TRUE,FALSE,FALSE
START,ENTER,C:\Users\wpwatson\dev\FRC2023\src\main\java\frc\robot\autos\CrossAndDock.java,TRUE,FALSE,FALSE
START,ENTER,C:\Users\wpwatson\dev\FRC2023\src\main\java\frc\robot\autos\DoubleScore.java,TRUE,FALSE,FALSE
START,ENTER,C:\Users\wpwatson\dev\FRC2023\src\main\java\frc\robot\autos\DoubleScore6.java,TRUE,FALSE,FALSE
START,ENTER,C:\Users\wpwatson\dev\FRC2023\src\main\java\frc\robot\autos\LeaveCommunity.java,TRUE,FALSE,FALSE
START,ENTER,C:\Users\wpwatson\dev\FRC2023\src\main\java\frc\robot\autos\MiddleScoreEngage.java,TRUE,FALSE,FALSE
START,ENTER,C:\Users\wpwatson\dev\FRC2023\src\main\java\frc\robot\autos\Score1.java,TRUE,FALSE,FALSE
START,ENTER,C:\Users\wpwatson\dev\FRC2023\src\main\java\frc\robot\autos\Score1Dock.java,TRUE,FALSE,FALSE
START,ENTER,C:\Users\wpwatson\dev\FRC2023\src\main\java\frc\robot\autos\SecondGamePiece.java,TRUE,FALSE,FALSE
START,ENTER,C:\Users\wpwatson\dev\FRC2023\src\main\java\frc\robot\autos\SecondGamePiece6.java,TRUE,FALSE,FALSE
START,ENTER,C:\Users\wpwatson\dev\FRC2023\src\main\java\frc\robot\autos\SecondGamePieceScore.java,TRUE,FALSE,FALSE
START,ENTER,C:\Users\wpwatson\dev\FRC2023\src\main\java\frc\robot\autos\TrajectoryBase.java,TRUE,FALSE,FALSE
START,ENTER,C:\Users\wpwatson\dev\FRC2023\src\main\java\frc\robot\autos\TripleScore.java,TRUE,FALSE,FALSE
START,ENTER,C:\Users\wpwatson\dev\FRC2023\src\main\java\frc\robot\autos\TripleScore6.java,TRUE,FALSE,FALSE
START,ENTER,C:\Users\wpwatson\dev\FRC2023\src\main\java\frc\robot\commands\arm\ArmMoving.java,TRUE,FALSE,FALSE
START,ENTER,C:\Users\wpwatson\dev\FRC2023\src\main\java\frc\robot\commands\arm\ConeIntake.java,TRUE,FALSE,FALSE
START,ENTER,C:\Users\wpwatson\dev\FRC2023\src\main\java\frc\robot\commands\arm\ConeUpIntake.java,TRUE,FALSE,FALSE
START,ENTER,C:\Users\wpwatson\dev\FRC2023\src\main\java\frc\robot\commands\arm\CubeIntake.java,TRUE,FALSE,FALSE
START,ENTER,C:\Users\wpwatson\dev\FRC2023\src\main\java\frc\robot\commands\arm\DockArm.java,TRUE,FALSE,FALSE
START,ENTER,C:\Users\wpwatson\dev\FRC2023\src\main\java\frc\robot\commands\arm\MoveArm.java,TRUE,FALSE,FALSE
START,ENTER,C:\Users\wpwatson\dev\FRC2023\src\main\java\frc\robot\commands\arm\ScoreArm.java,TRUE,FALSE,FALSE
START,ENTER,C:\Users\wpwatson\dev\FRC2023\src\main\java\frc\robot\commands\arm\VariableArm.java,TRUE,FALSE,FALSE
START,ENTER,C:\Users\wpwatson\dev\FRC2023\src\main\java\frc\robot\commands\drive\ClimbPlatform.java,TRUE,FALSE,FALSE
START,ENTER,C:\Users\wpwatson\dev\FRC2023\src\main\java\frc\robot\commands\drive\MoveToEngage.java,TRUE,FALSE,FALSE
START,ENTER,C:\Users\wpwatson\dev\FRC2023\src\main\java\frc\robot\commands\drive\MoveToPos.java,TRUE,FALSE,FALSE
START,ENTER,C:\Users\wpwatson\dev\FRC2023\src\main\java\frc\robot\commands\drive\MoveToScore.java,TRUE,FALSE,FALSE
START,ENTER,C:\Users\wpwatson\dev\FRC2023\src\main\java\frc\robot\commands\drive\TeleopSwerve.java,TRUE,FALSE,FALSE
START,ENTER,C:\Users\wpwatson\dev\FRC2023\src\main\java\frc\robot\commands\drive\TurnToAngle.java,TRUE,FALSE,FALSE
START,ENTER,C:\Users\wpwatson\dev\FRC2023\src\main\java\frc\robot\commands\leds\BouncingBalls.java,TRUE,FALSE,FALSE
START,ENTER,C:\Users\wpwatson\dev\FRC2023\src\main\java\frc\robot\commands\leds\FireLEDs.java,TRUE,FALSE,FALSE
START,ENTER,C:\Users\wpwatson\dev\FRC2023\src\main\java\frc\robot\commands\leds\FlashingLEDColor.java,TRUE,FALSE,FALSE
START,ENTER,C:\Users\wpwatson\dev\FRC2023\src\main\java\frc\robot\commands\leds\MeteorRain.java,TRUE,FALSE,FALSE
START,ENTER,C:\Users\wpwatson\dev\FRC2023\src\main\java\frc\robot\commands\leds\MorseCodeFlash.java,TRUE,FALSE,FALSE
START,ENTER,C:\Users\wpwatson\dev\FRC2023\src\main\java\frc\robot\commands\leds\MorseCodeStream.java,TRUE,FALSE,FALSE
START,ENTER,C:\Users\wpwatson\dev\FRC2023\src\main\java\frc\robot\commands\leds\MovingColorLEDs.java,TRUE,FALSE,FALSE
START,ENTER,C:\Users\wpwatson\dev\FRC2023\src\main\java\frc\robot\commands\leds\PoliceLEDs.java,TRUE,FALSE,FALSE
START,ENTER,C:\Users\wpwatson\dev\FRC2023\src\main\java\frc\robot\commands\leds\RainbowLEDs.java,TRUE,FALSE,FALSE
START,ENTER,C:\Users\wpwatson\dev\FRC2023\src\main\java\frc\robot\commands\leds\Twinkle.java,TRUE,FALSE,FALSE
START,ENTER,C:\Users\wpwatson\dev\FRC2023\src\main\java\frc\robot\commands\test\TestArm.java,TRUE,FALSE,FALSE
START,ENTER,C:\Users\wpwatson\dev\FRC2023\src\main\java\frc\robot\commands\test\TestTransform.java,TRUE,FALSE,FALSE
START,ENTER,C:\Users\wpwatson\dev\FRC2023\src\main\java\frc\robot\commands\wrist\AutoWrist.java,TRUE,FALSE,FALSE
START,ENTER,C:\Users\wpwatson\dev\FRC2023\src\main\java\frc\robot\commands\wrist\VariableIntake.java,TRUE,FALSE,FALSE
START,ENTER,C:\Users\wpwatson\dev\FRC2023\src\main\java\frc\robot\commands\wrist\WristIntakeIn.java,TRUE,FALSE,FALSE
START,ENTER,C:\Users\wpwatson\dev\FRC2023\src\main\java\frc\robot\commands\wrist\WristIntakeRelease.java,TRUE,FALSE,FALSE
START,ENTER,C:\Users\wpwatson\dev\FRC2023\src\main\java\frc\robot\Constants.java,TRUE,FALSE,FALSE
START,ENTER,C:\Users\wpwatson\dev\FRC2023\src\main\java\frc\robot\Main.java,TRUE,FALSE,FALSE
START,ENTER,C:\Users\wpwatson\dev\FRC2023\src\main\java\frc\robot\Robot.java,TRUE,FALSE,FALSE
START,ENTER,C:\Users\wpwatson\dev\FRC2023\src\main\java\frc\robot\RobotContainer.java,TRUE,FALSE,FALSE
START,ENTER,C:\Users\wpwatson\dev\FRC2023\src\main\java\frc\robot\subsystems\Arm.java,TRUE,FALSE,FALSE
START,ENTER,C:\Users\wpwatson\dev\FRC2023\src\main\java\frc\robot\subsystems\LEDs.java,TRUE,FALSE,FALSE
START,ENTER,C:\Users\wpwatson\dev\FRC2023\src\main\java\frc\robot\subsystems\Swerve.java,TRUE,FALSE,FALSE
START,ENTER,C:\Users\wpwatson\dev\FRC2023\src\main\java\frc\robot\subsystems\WristIntake.java,TRUE,FALSE,FALSE
FINISH,ENTER,C:\Users\wpwatson\dev\FRC2023\src\main\java\frc\lib\math\AngledElevatorFeedForward.java,TRUE,FALSE,FALSE
FINISH,ENTER,C:\Users\wpwatson\dev\FRC2023\src\main\java\frc\lib\math\ArmFeedForwardTunable.java,TRUE,FALSE,FALSE
FINISH,ENTER,C:\Users\wpwatson\dev\FRC2023\src\main\java\frc\lib\math\Conversions.java,TRUE,FALSE,FALSE
FINISH,ENTER,C:\Users\wpwatson\dev\FRC2023\src\main\java\frc\lib\math\DoubleJointedArmFeedforward.java,TRUE,FALSE,FALSE
FINISH,ENTER,C:\Users\wpwatson\dev\FRC2023\src\main\java\frc\lib\util\ArmPosition.java,TRUE,FALSE,FALSE
FINISH,ENTER,C:\Users\wpwatson\dev\FRC2023\src\main\java\frc\lib\util\ctre\CTREConfigs.java,TRUE,FALSE,FALSE
FINISH,ENTER,C:\Users\wpwatson\dev\FRC2023\src\main\java\frc\lib\util\ctre\CTREModuleState.java,TRUE,FALSE,FALSE
FINISH,ENTER,C:\Users\wpwatson\dev\FRC2023\src\main\java\frc\lib\util\DisabledInstantCommand.java,TRUE,FALSE,FALSE
FINISH,ENTER,C:\Users\wpwatson\dev\FRC2023\src\main\java\frc\lib\util\DynamicWaitCommand.java,TRUE,FALSE,FALSE
FINISH,ENTER,C:\Users\wpwatson\dev\FRC2023\src\main\java\frc\lib\util\FieldConstants.java,TRUE,FALSE,FALSE
FINISH,ENTER,C:\Users\wpwatson\dev\FRC2023\src\main\java\frc\lib\util\MorseCode.java,TRUE,FALSE,FALSE
FINISH,ENTER,C:\Users\wpwatson\dev\FRC2023\src\main\java\frc\lib\util\pathplanner\PathPlannerTrajectory1.java,TRUE,FALSE,FALSE
FINISH,ENTER,C:\Users\wpwatson\dev\FRC2023\src\main\java\frc\lib\util\pathplanner\PPSwerveControllerCommand1.java,TRUE,FALSE,FALSE
FINISH,ENTER,C:\Users\wpwatson\dev\FRC2023\src\main\java\frc\lib\util\PhotonCameraWrapper.java,TRUE,FALSE,FALSE
FINISH,ENTER,C:\Users\wpwatson\dev\FRC2023\src\main\java\frc\lib\util\Scoring.java,TRUE,FALSE,FALSE
FINISH,ENTER,C:\Users\wpwatson\dev\FRC2023\src\main\java\frc\lib\util\swerve\SwerveModule.java,TRUE,FALSE,FALSE
FINISH,ENTER,C:\Users\wpwatson\dev\FRC2023\src\main\java\frc\lib\util\swerve\SwerveModuleConstants.java,TRUE,FALSE,FALSE
FINISH,ENTER,C:\Users\wpwatson\dev\FRC2023\src\main\java\frc\robot\autos\ClimbPlatformAuto.java,TRUE,FALSE,FALSE
FINISH,ENTER,C:\Users\wpwatson\dev\FRC2023\src\main\java\frc\robot\autos\CrossAndDock.java,TRUE,FALSE,FALSE
FINISH,ENTER,C:\Users\wpwatson\dev\FRC2023\src\main\java\frc\robot\autos\DoubleScore.java,TRUE,FALSE,FALSE
FINISH,ENTER,C:\Users\wpwatson\dev\FRC2023\src\main\java\frc\robot\autos\DoubleScore6.java,TRUE,FALSE,FALSE
FINISH,ENTER,C:\Users\wpwatson\dev\FRC2023\src\main\java\frc\robot\autos\LeaveCommunity.java,TRUE,FALSE,FALSE
FINISH,ENTER,C:\Users\wpwatson\dev\FRC2023\src\main\java\frc\robot\autos\MiddleScoreEngage.java,TRUE,FALSE,FALSE
FINISH,ENTER,C:\Users\wpwatson\dev\FRC2023\src\main\java\frc\robot\autos\Score1.java,TRUE,FALSE,FALSE
FINISH,ENTER,C:\Users\wpwatson\dev\FRC2023\src\main\java\frc\robot\autos\Score1Dock.java,TRUE,FALSE,FALSE
FINISH,ENTER,C:\Users\wpwatson\dev\FRC2023\src\main\java\frc\robot\autos\SecondGamePiece.java,TRUE,FALSE,FALSE
FINISH,ENTER,C:\Users\wpwatson\dev\FRC2023\src\main\java\frc\robot\autos\SecondGamePiece6.java,TRUE,FALSE,FALSE
FINISH,ENTER,C:\Users\wpwatson\dev\FRC2023\src\main\java\frc\robot\autos\SecondGamePieceScore.java,TRUE,FALSE,FALSE
FINISH,ENTER,C:\Users\wpwatson\dev\FRC2023\src\main\java\frc\robot\autos\TrajectoryBase.java,TRUE,FALSE,FALSE
FINISH,ENTER,C:\Users\wpwatson\dev\FRC2023\src\main\java\frc\robot\autos\TripleScore.java,TRUE,FALSE,FALSE
FINISH,ENTER,C:\Users\wpwatson\dev\FRC2023\src\main\java\frc\robot\autos\TripleScore6.java,TRUE,FALSE,FALSE
FINISH,ENTER,C:\Users\wpwatson\dev\FRC2023\src\main\java\frc\robot\commands\arm\ArmMoving.java,TRUE,FALSE,FALSE
FINISH,ENTER,C:\Users\wpwatson\dev\FRC2023\src\main\java\frc\robot\commands\arm\ConeIntake.java,TRUE,FALSE,FALSE
FINISH,ENTER,C:\Users\wpwatson\dev\FRC2023\src\main\java\frc\robot\commands\arm\ConeUpIntake.java,TRUE,FALSE,FALSE
FINISH,ENTER,C:\Users\wpwatson\dev\FRC2023\src\main\java\frc\robot\commands\arm\CubeIntake.java,TRUE,FALSE,FALSE
FINISH,ENTER,C:\Users\wpwatson\dev\FRC2023\src\main\java\frc\robot\commands\arm\DockArm.java,TRUE,FALSE,FALSE
FINISH,ENTER,C:\Users\wpwatson\dev\FRC2023\src\main\java\frc\robot\commands\arm\MoveArm.java,TRUE,FALSE,FALSE
FINISH,ENTER,C:\Users\wpwatson\dev\FRC2023\src\main\java\frc\robot\commands\arm\ScoreArm.java,TRUE,FALSE,FALSE
FINISH,ENTER,C:\Users\wpwatson\dev\FRC2023\src\main\java\frc\robot\commands\arm\VariableArm.java,TRUE,FALSE,FALSE
FINISH,ENTER,C:\Users\wpwatson\dev\FRC2023\src\main\java\frc\robot\commands\drive\ClimbPlatform.java,TRUE,FALSE,FALSE
FINISH,ENTER,C:\Users\wpwatson\dev\FRC2023\src\main\java\frc\robot\commands\drive\MoveToEngage.java,TRUE,FALSE,FALSE
FINISH,ENTER,C:\Users\wpwatson\dev\FRC2023\src\main\java\frc\robot\commands\drive\MoveToPos.java,TRUE,FALSE,FALSE
FINISH,ENTER,C:\Users\wpwatson\dev\FRC2023\src\main\java\frc\robot\commands\drive\MoveToScore.java,TRUE,FALSE,FALSE
FINISH,ENTER,C:\Users\wpwatson\dev\FRC2023\src\main\java\frc\robot\commands\drive\TeleopSwerve.java,TRUE,FALSE,FALSE
FINISH,ENTER,C:\Users\wpwatson\dev\FRC2023\src\main\java\frc\robot\commands\drive\TurnToAngle.java,TRUE,FALSE,FALSE
FINISH,ENTER,C:\Users\wpwatson\dev\FRC2023\src\main\java\frc\robot\commands\leds\BouncingBalls.java,TRUE,FALSE,FALSE
FINISH,ENTER,C:\Users\wpwatson\dev\FRC2023\src\main\java\frc\robot\commands\leds\FireLEDs.java,TRUE,FALSE,FALSE
FINISH,ENTER,C:\Users\wpwatson\dev\FRC2023\src\main\java\frc\robot\commands\leds\FlashingLEDColor.java,TRUE,FALSE,FALSE
FINISH,ENTER,C:\Users\wpwatson\dev\FRC2023\src\main\java\frc\robot\commands\leds\MeteorRain.java,TRUE,FALSE,FALSE
FINISH,ENTER,C:\Users\wpwatson\dev\FRC2023\src\main\java\frc\robot\commands\leds\MorseCodeFlash.java,TRUE,FALSE,FALSE
FINISH,ENTER,C:\Users\wpwatson\dev\FRC2023\src\main\java\frc\robot\commands\leds\MorseCodeStream.java,TRUE,FALSE,FALSE
FINISH,ENTER,C:\Users\wpwatson\dev\FRC2023\src\main\java\frc\robot\commands\leds\MovingColorLEDs.java,TRUE,FALSE,FALSE
FINISH,ENTER,C:\Users\wpwatson\dev\FRC2023\src\main\java\frc\robot\commands\leds\PoliceLEDs.java,TRUE,FALSE,FALSE
FINISH,ENTER,C:\Users\wpwatson\dev\FRC2023\src\main\java\frc\robot\commands\leds\RainbowLEDs.java,TRUE,FALSE,FALSE
FINISH,ENTER,C:\Users\wpwatson\dev\FRC2023\src\main\java\frc\robot\commands\leds\Twinkle.java,TRUE,FALSE,FALSE
FINISH,ENTER,C:\Users\wpwatson\dev\FRC2023\src\main\java\frc\robot\commands\test\TestArm.java,TRUE,FALSE,FALSE
FINISH,ENTER,C:\Users\wpwatson\dev\FRC2023\src\main\java\frc\robot\commands\test\TestTransform.java,TRUE,FALSE,FALSE
FINISH,ENTER,C:\Users\wpwatson\dev\FRC2023\src\main\java\frc\robot\commands\wrist\AutoWrist.java,TRUE,FALSE,FALSE
FINISH,ENTER,C:\Users\wpwatson\dev\FRC2023\src\main\java\frc\robot\commands\wrist\VariableIntake.java,TRUE,FALSE,FALSE
FINISH,ENTER,C:\Users\wpwatson\dev\FRC2023\src\main\java\frc\robot\commands\wrist\WristIntakeIn.java,TRUE,FALSE,FALSE
FINISH,ENTER,C:\Users\wpwatson\dev\FRC2023\src\main\java\frc\robot\commands\wrist\WristIntakeRelease.java,TRUE,FALSE,FALSE
FINISH,ENTER,C:\Users\wpwatson\dev\FRC2023\src\main\java\frc\robot\Constants.java,TRUE,FALSE,FALSE
FINISH,ENTER,C:\Users\wpwatson\dev\FRC2023\src\main\java\frc\robot\Main.java,TRUE,FALSE,FALSE
FINISH,ENTER,C:\Users\wpwatson\dev\FRC2023\src\main\java\frc\robot\Robot.java,TRUE,FALSE,FALSE
FINISH,ENTER,C:\Users\wpwatson\dev\FRC2023\src\main\java\frc\robot\RobotContainer.java,TRUE,FALSE,FALSE
FINISH,ENTER,C:\Users\wpwatson\dev\FRC2023\src\main\java\frc\robot\subsystems\Arm.java,TRUE,FALSE,FALSE
FINISH,ENTER,C:\Users\wpwatson\dev\FRC2023\src\main\java\frc\robot\subsystems\LEDs.java,TRUE,FALSE,FALSE
FINISH,ENTER,C:\Users\wpwatson\dev\FRC2023\src\main\java\frc\robot\subsystems\Swerve.java,TRUE,FALSE,FALSE
FINISH,ENTER,C:\Users\wpwatson\dev\FRC2023\src\main\java\frc\robot\subsystems\WristIntake.java,TRUE,FALSE,FALSE
FINISH,ANNOTATION_PROCESSING,,FALSE,FALSE,FALSE
START,ANALYZE,C:\Users\wpwatson\dev\FRC2023\src\main\java\frc\lib\math\AngledElevatorFeedForward.java,TRUE,TRUE,TRUE
FINISH,ANALYZE,C:\Users\wpwatson\dev\FRC2023\src\main\java\frc\lib\math\AngledElevatorFeedForward.java,TRUE,TRUE,TRUE
START,GENERATE,C:\Users\wpwatson\dev\FRC2023\src\main\java\frc\lib\math\AngledElevatorFeedForward.java,TRUE,TRUE,FALSE
FINISH,GENERATE,C:\Users\wpwatson\dev\FRC2023\src\main\java\frc\lib\math\AngledElevatorFeedForward.java,TRUE,TRUE,FALSE
START,ANALYZE,C:\Users\wpwatson\dev\FRC2023\src\main\java\frc\lib\math\ArmFeedForwardTunable.java,TRUE,TRUE,TRUE
FINISH,ANALYZE,C:\Users\wpwatson\dev\FRC2023\src\main\java\frc\lib\math\ArmFeedForwardTunable.java,TRUE,TRUE,TRUE
START,GENERATE,C:\Users\wpwatson\dev\FRC2023\src\main\java\frc\lib\math\ArmFeedForwardTunable.java,TRUE,TRUE,FALSE
FINISH,GENERATE,C:\Users\wpwatson\dev\FRC2023\src\main\java\frc\lib\math\ArmFeedForwardTunable.java,TRUE,TRUE,FALSE
START,ANALYZE,C:\Users\wpwatson\dev\FRC2023\src\main\java\frc\lib\math\Conversions.java,TRUE,TRUE,TRUE
FINISH,ANALYZE,C:\Users\wpwatson\dev\FRC2023\src\main\java\frc\lib\math\Conversions.java,TRUE,TRUE,TRUE
START,GENERATE,C:\Users\wpwatson\dev\FRC2023\src\main\java\frc\lib\math\Conversions.java,TRUE,TRUE,FALSE
FINISH,GENERATE,C:\Users\wpwatson\dev\FRC2023\src\main\java\frc\lib\math\Conversions.java,TRUE,TRUE,FALSE
START,ANALYZE,C:\Users\wpwatson\dev\FRC2023\src\main\java\frc\lib\math\DoubleJointedArmFeedforward.java,TRUE,TRUE,TRUE
FINISH,ANALYZE,C:\Users\wpwatson\dev\FRC2023\src\main\java\frc\lib\math\DoubleJointedArmFeedforward.java,TRUE,TRUE,TRUE
START,GENERATE,C:\Users\wpwatson\dev\FRC2023\src\main\java\frc\lib\math\DoubleJointedArmFeedforward.java,TRUE,TRUE,FALSE
FINISH,GENERATE,C:\Users\wpwatson\dev\FRC2023\src\main\java\frc\lib\math\DoubleJointedArmFeedforward.java,TRUE,TRUE,FALSE
START,GENERATE,C:\Users\wpwatson\dev\FRC2023\src\main\java\frc\lib\math\DoubleJointedArmFeedforward.java,TRUE,TRUE,FALSE
FINISH,GENERATE,C:\Users\wpwatson\dev\FRC2023\src\main\java\frc\lib\math\DoubleJointedArmFeedforward.java,TRUE,TRUE,FALSE
START,ANALYZE,C:\Users\wpwatson\dev\FRC2023\src\main\java\frc\lib\util\ArmPosition.java,TRUE,TRUE,TRUE
FINISH,ANALYZE,C:\Users\wpwatson\dev\FRC2023\src\main\java\frc\lib\util\ArmPosition.java,TRUE,TRUE,TRUE
START,GENERATE,C:\Users\wpwatson\dev\FRC2023\src\main\java\frc\lib\util\ArmPosition.java,TRUE,TRUE,FALSE
FINISH,GENERATE,C:\Users\wpwatson\dev\FRC2023\src\main\java\frc\lib\util\ArmPosition.java,TRUE,TRUE,FALSE
START,ANALYZE,C:\Users\wpwatson\dev\FRC2023\src\main\java\frc\lib\util\ctre\CTREConfigs.java,TRUE,TRUE,TRUE
FINISH,ANALYZE,C:\Users\wpwatson\dev\FRC2023\src\main\java\frc\lib\util\ctre\CTREConfigs.java,TRUE,TRUE,TRUE
START,GENERATE,C:\Users\wpwatson\dev\FRC2023\src\main\java\frc\lib\util\ctre\CTREConfigs.java,TRUE,TRUE,FALSE
FINISH,GENERATE,C:\Users\wpwatson\dev\FRC2023\src\main\java\frc\lib\util\ctre\CTREConfigs.java,TRUE,TRUE,FALSE
START,ANALYZE,C:\Users\wpwatson\dev\FRC2023\src\main\java\frc\lib\util\ctre\CTREModuleState.java,TRUE,TRUE,TRUE
FINISH,ANALYZE,C:\Users\wpwatson\dev\FRC2023\src\main\java\frc\lib\util\ctre\CTREModuleState.java,TRUE,TRUE,TRUE
START,GENERATE,C:\Users\wpwatson\dev\FRC2023\src\main\java\frc\lib\util\ctre\CTREModuleState.java,TRUE,TRUE,FALSE
FINISH,GENERATE,C:\Users\wpwatson\dev\FRC2023\src\main\java\frc\lib\util\ctre\CTREModuleState.java,TRUE,TRUE,FALSE
START,ANALYZE,C:\Users\wpwatson\dev\FRC2023\src\main\java\frc\lib\util\DisabledInstantCommand.java,TRUE,TRUE,TRUE
FINISH,ANALYZE,C:\Users\wpwatson\dev\FRC2023\src\main\java\frc\lib\util\DisabledInstantCommand.java,TRUE,TRUE,TRUE
START,GENERATE,C:\Users\wpwatson\dev\FRC2023\src\main\java\frc\lib\util\DisabledInstantCommand.java,TRUE,TRUE,FALSE
FINISH,GENERATE,C:\Users\wpwatson\dev\FRC2023\src\main\java\frc\lib\util\DisabledInstantCommand.java,TRUE,TRUE,FALSE
START,ANALYZE,C:\Users\wpwatson\dev\FRC2023\src\main\java\frc\lib\util\DynamicWaitCommand.java,TRUE,TRUE,TRUE
FINISH,ANALYZE,C:\Users\wpwatson\dev\FRC2023\src\main\java\frc\lib\util\DynamicWaitCommand.java,TRUE,TRUE,TRUE
START,GENERATE,C:\Users\wpwatson\dev\FRC2023\src\main\java\frc\lib\util\DynamicWaitCommand.java,TRUE,TRUE,FALSE
FINISH,GENERATE,C:\Users\wpwatson\dev\FRC2023\src\main\java\frc\lib\util\DynamicWaitCommand.java,TRUE,TRUE,FALSE
START,ANALYZE,C:\Users\wpwatson\dev\FRC2023\src\main\java\frc\lib\util\FieldConstants.java,TRUE,TRUE,TRUE
FINISH,ANALYZE,C:\Users\wpwatson\dev\FRC2023\src\main\java\frc\lib\util\FieldConstants.java,TRUE,TRUE,TRUE
START,GENERATE,C:\Users\wpwatson\dev\FRC2023\src\main\java\frc\lib\util\FieldConstants.java,TRUE,TRUE,FALSE
FINISH,GENERATE,C:\Users\wpwatson\dev\FRC2023\src\main\java\frc\lib\util\FieldConstants.java,TRUE,TRUE,FALSE
START,GENERATE,C:\Users\wpwatson\dev\FRC2023\src\main\java\frc\lib\util\FieldConstants.java,TRUE,TRUE,FALSE
FINISH,GENERATE,C:\Users\wpwatson\dev\FRC2023\src\main\java\frc\lib\util\FieldConstants.java,TRUE,TRUE,FALSE
START,GENERATE,C:\Users\wpwatson\dev\FRC2023\src\main\java\frc\lib\util\FieldConstants.java,TRUE,TRUE,FALSE
FINISH,GENERATE,C:\Users\wpwatson\dev\FRC2023\src\main\java\frc\lib\util\FieldConstants.java,TRUE,TRUE,FALSE
START,GENERATE,C:\Users\wpwatson\dev\FRC2023\src\main\java\frc\lib\util\FieldConstants.java,TRUE,TRUE,FALSE
FINISH,GENERATE,C:\Users\wpwatson\dev\FRC2023\src\main\java\frc\lib\util\FieldConstants.java,TRUE,TRUE,FALSE
START,GENERATE,C:\Users\wpwatson\dev\FRC2023\src\main\java\frc\lib\util\FieldConstants.java,TRUE,TRUE,FALSE
FINISH,GENERATE,C:\Users\wpwatson\dev\FRC2023\src\main\java\frc\lib\util\FieldConstants.java,TRUE,TRUE,FALSE
START,ANALYZE,C:\Users\wpwatson\dev\FRC2023\src\main\java\frc\lib\util\MorseCode.java,TRUE,TRUE,TRUE
FINISH,ANALYZE,C:\Users\wpwatson\dev\FRC2023\src\main\java\frc\lib\util\MorseCode.java,TRUE,TRUE,TRUE
START,GENERATE,C:\Users\wpwatson\dev\FRC2023\src\main\java\frc\lib\util\MorseCode.java,TRUE,TRUE,FALSE
FINISH,GENERATE,C:\Users\wpwatson\dev\FRC2023\src\main\java\frc\lib\util\MorseCode.java,TRUE,TRUE,FALSE
START,ANALYZE,C:\Users\wpwatson\dev\FRC2023\src\main\java\frc\lib\util\pathplanner\PathPlannerTrajectory1.java,TRUE,TRUE,TRUE
FINISH,ANALYZE,C:\Users\wpwatson\dev\FRC2023\src\main\java\frc\lib\util\pathplanner\PathPlannerTrajectory1.java,TRUE,TRUE,TRUE
START,GENERATE,C:\Users\wpwatson\dev\FRC2023\src\main\java\frc\lib\util\pathplanner\PathPlannerTrajectory1.java,TRUE,TRUE,FALSE
FINISH,GENERATE,C:\Users\wpwatson\dev\FRC2023\src\main\java\frc\lib\util\pathplanner\PathPlannerTrajectory1.java,TRUE,TRUE,FALSE
START,ANALYZE,C:\Users\wpwatson\dev\FRC2023\src\main\java\frc\lib\util\pathplanner\PPSwerveControllerCommand1.java,TRUE,TRUE,TRUE
FINISH,ANALYZE,C:\Users\wpwatson\dev\FRC2023\src\main\java\frc\lib\util\pathplanner\PPSwerveControllerCommand1.java,TRUE,TRUE,TRUE
START,GENERATE,C:\Users\wpwatson\dev\FRC2023\src\main\java\frc\lib\util\pathplanner\PPSwerveControllerCommand1.java,TRUE,TRUE,FALSE
FINISH,GENERATE,C:\Users\wpwatson\dev\FRC2023\src\main\java\frc\lib\util\pathplanner\PPSwerveControllerCommand1.java,TRUE,TRUE,FALSE
START,ANALYZE,C:\Users\wpwatson\dev\FRC2023\src\main\java\frc\lib\util\PhotonCameraWrapper.java,TRUE,TRUE,TRUE
FINISH,ANALYZE,C:\Users\wpwatson\dev\FRC2023\src\main\java\frc\lib\util\PhotonCameraWrapper.java,TRUE,TRUE,TRUE
START,GENERATE,C:\Users\wpwatson\dev\FRC2023\src\main\java\frc\lib\util\PhotonCameraWrapper.java,TRUE,TRUE,FALSE
FINISH,GENERATE,C:\Users\wpwatson\dev\FRC2023\src\main\java\frc\lib\util\PhotonCameraWrapper.java,TRUE,TRUE,FALSE
START,ANALYZE,C:\Users\wpwatson\dev\FRC2023\src\main\java\frc\lib\util\Scoring.java,TRUE,TRUE,TRUE
FINISH,ANALYZE,C:\Users\wpwatson\dev\FRC2023\src\main\java\frc\lib\util\Scoring.java,TRUE,TRUE,TRUE
START,GENERATE,C:\Users\wpwatson\dev\FRC2023\src\main\java\frc\lib\util\Scoring.java,TRUE,TRUE,FALSE
FINISH,GENERATE,C:\Users\wpwatson\dev\FRC2023\src\main\java\frc\lib\util\Scoring.java,TRUE,TRUE,FALSE
START,GENERATE,C:\Users\wpwatson\dev\FRC2023\src\main\java\frc\lib\util\Scoring.java,TRUE,TRUE,FALSE
FINISH,GENERATE,C:\Users\wpwatson\dev\FRC2023\src\main\java\frc\lib\util\Scoring.java,TRUE,TRUE,FALSE
START,ANALYZE,C:\Users\wpwatson\dev\FRC2023\src\main\java\frc\lib\util\swerve\SwerveModule.java,TRUE,TRUE,TRUE
FINISH,ANALYZE,C:\Users\wpwatson\dev\FRC2023\src\main\java\frc\lib\util\swerve\SwerveModule.java,TRUE,TRUE,TRUE
START,GENERATE,C:\Users\wpwatson\dev\FRC2023\src\main\java\frc\lib\util\swerve\SwerveModule.java,TRUE,TRUE,FALSE
FINISH,GENERATE,C:\Users\wpwatson\dev\FRC2023\src\main\java\frc\lib\util\swerve\SwerveModule.java,TRUE,TRUE,FALSE
START,ANALYZE,C:\Users\wpwatson\dev\FRC2023\src\main\java\frc\lib\util\swerve\SwerveModuleConstants.java,TRUE,TRUE,TRUE
FINISH,ANALYZE,C:\Users\wpwatson\dev\FRC2023\src\main\java\frc\lib\util\swerve\SwerveModuleConstants.java,TRUE,TRUE,TRUE
START,GENERATE,C:\Users\wpwatson\dev\FRC2023\src\main\java\frc\lib\util\swerve\SwerveModuleConstants.java,TRUE,TRUE,FALSE
FINISH,GENERATE,C:\Users\wpwatson\dev\FRC2023\src\main\java\frc\lib\util\swerve\SwerveModuleConstants.java,TRUE,TRUE,FALSE
START,ANALYZE,C:\Users\wpwatson\dev\FRC2023\src\main\java\frc\robot\autos\ClimbPlatformAuto.java,TRUE,TRUE,TRUE
FINISH,ANALYZE,C:\Users\wpwatson\dev\FRC2023\src\main\java\frc\robot\autos\ClimbPlatformAuto.java,TRUE,TRUE,TRUE
START,GENERATE,C:\Users\wpwatson\dev\FRC2023\src\main\java\frc\robot\autos\ClimbPlatformAuto.java,TRUE,TRUE,FALSE
FINISH,GENERATE,C:\Users\wpwatson\dev\FRC2023\src\main\java\frc\robot\autos\ClimbPlatformAuto.java,TRUE,TRUE,FALSE
START,ANALYZE,C:\Users\wpwatson\dev\FRC2023\src\main\java\frc\robot\subsystems\Swerve.java,TRUE,TRUE,TRUE
FINISH,ANALYZE,C:\Users\wpwatson\dev\FRC2023\src\main\java\frc\robot\subsystems\Swerve.java,TRUE,TRUE,TRUE
START,GENERATE,C:\Users\wpwatson\dev\FRC2023\src\main\java\frc\robot\subsystems\Swerve.java,TRUE,TRUE,FALSE
FINISH,GENERATE,C:\Users\wpwatson\dev\FRC2023\src\main\java\frc\robot\subsystems\Swerve.java,TRUE,TRUE,FALSE
START,ANALYZE,C:\Users\wpwatson\dev\FRC2023\src\main\java\frc\robot\autos\CrossAndDock.java,TRUE,TRUE,TRUE
FINISH,ANALYZE,C:\Users\wpwatson\dev\FRC2023\src\main\java\frc\robot\autos\CrossAndDock.java,TRUE,TRUE,TRUE
START,GENERATE,C:\Users\wpwatson\dev\FRC2023\src\main\java\frc\robot\autos\CrossAndDock.java,TRUE,TRUE,FALSE
FINISH,GENERATE,C:\Users\wpwatson\dev\FRC2023\src\main\java\frc\robot\autos\CrossAndDock.java,TRUE,TRUE,FALSE
START,ANALYZE,C:\Users\wpwatson\dev\FRC2023\src\main\java\frc\robot\subsystems\Arm.java,TRUE,TRUE,TRUE
FINISH,ANALYZE,C:\Users\wpwatson\dev\FRC2023\src\main\java\frc\robot\subsystems\Arm.java,TRUE,TRUE,TRUE
START,GENERATE,C:\Users\wpwatson\dev\FRC2023\src\main\java\frc\robot\subsystems\Arm.java,TRUE,TRUE,FALSE
FINISH,GENERATE,C:\Users\wpwatson\dev\FRC2023\src\main\java\frc\robot\subsystems\Arm.java,TRUE,TRUE,FALSE
START,ANALYZE,C:\Users\wpwatson\dev\FRC2023\src\main\java\frc\robot\subsystems\WristIntake.java,TRUE,TRUE,TRUE
FINISH,ANALYZE,C:\Users\wpwatson\dev\FRC2023\src\main\java\frc\robot\subsystems\WristIntake.java,TRUE,TRUE,TRUE
START,GENERATE,C:\Users\wpwatson\dev\FRC2023\src\main\java\frc\robot\subsystems\WristIntake.java,TRUE,TRUE,FALSE
FINISH,GENERATE,C:\Users\wpwatson\dev\FRC2023\src\main\java\frc\robot\subsystems\WristIntake.java,TRUE,TRUE,FALSE
START,ANALYZE,C:\Users\wpwatson\dev\FRC2023\src\main\java\frc\robot\autos\DoubleScore.java,TRUE,TRUE,TRUE
FINISH,ANALYZE,C:\Users\wpwatson\dev\FRC2023\src\main\java\frc\robot\autos\DoubleScore.java,TRUE,TRUE,TRUE
START,ANALYZE,C:\Users\wpwatson\dev\FRC2023\src\main\java\frc\robot\autos\TrajectoryBase.java,TRUE,TRUE,TRUE
FINISH,ANALYZE,C:\Users\wpwatson\dev\FRC2023\src\main\java\frc\robot\autos\TrajectoryBase.java,TRUE,TRUE,TRUE
START,GENERATE,C:\Users\wpwatson\dev\FRC2023\src\main\java\frc\robot\autos\DoubleScore.java,TRUE,TRUE,FALSE
FINISH,GENERATE,C:\Users\wpwatson\dev\FRC2023\src\main\java\frc\robot\autos\DoubleScore.java,TRUE,TRUE,FALSE
START,GENERATE,C:\Users\wpwatson\dev\FRC2023\src\main\java\frc\robot\autos\TrajectoryBase.java,TRUE,TRUE,FALSE
FINISH,GENERATE,C:\Users\wpwatson\dev\FRC2023\src\main\java\frc\robot\autos\TrajectoryBase.java,TRUE,TRUE,FALSE
START,ANALYZE,C:\Users\wpwatson\dev\FRC2023\src\main\java\frc\robot\autos\DoubleScore6.java,TRUE,TRUE,TRUE
FINISH,ANALYZE,C:\Users\wpwatson\dev\FRC2023\src\main\java\frc\robot\autos\DoubleScore6.java,TRUE,TRUE,TRUE
START,GENERATE,C:\Users\wpwatson\dev\FRC2023\src\main\java\frc\robot\autos\DoubleScore6.java,TRUE,TRUE,FALSE
FINISH,GENERATE,C:\Users\wpwatson\dev\FRC2023\src\main\java\frc\robot\autos\DoubleScore6.java,TRUE,TRUE,FALSE
START,ANALYZE,C:\Users\wpwatson\dev\FRC2023\src\main\java\frc\robot\autos\LeaveCommunity.java,TRUE,TRUE,TRUE
FINISH,ANALYZE,C:\Users\wpwatson\dev\FRC2023\src\main\java\frc\robot\autos\LeaveCommunity.java,TRUE,TRUE,TRUE
START,ANALYZE,C:\Users\wpwatson\dev\FRC2023\src\main\java\frc\robot\commands\drive\MoveToPos.java,TRUE,TRUE,TRUE
FINISH,ANALYZE,C:\Users\wpwatson\dev\FRC2023\src\main\java\frc\robot\commands\drive\MoveToPos.java,TRUE,TRUE,TRUE
START,GENERATE,C:\Users\wpwatson\dev\FRC2023\src\main\java\frc\robot\autos\LeaveCommunity.java,TRUE,TRUE,FALSE
FINISH,GENERATE,C:\Users\wpwatson\dev\FRC2023\src\main\java\frc\robot\autos\LeaveCommunity.java,TRUE,TRUE,FALSE
START,GENERATE,C:\Users\wpwatson\dev\FRC2023\src\main\java\frc\robot\commands\drive\MoveToPos.java,TRUE,TRUE,FALSE
FINISH,GENERATE,C:\Users\wpwatson\dev\FRC2023\src\main\java\frc\robot\commands\drive\MoveToPos.java,TRUE,TRUE,FALSE
START,ANALYZE,C:\Users\wpwatson\dev\FRC2023\src\main\java\frc\robot\autos\MiddleScoreEngage.java,TRUE,TRUE,TRUE
FINISH,ANALYZE,C:\Users\wpwatson\dev\FRC2023\src\main\java\frc\robot\autos\MiddleScoreEngage.java,TRUE,TRUE,TRUE
START,GENERATE,C:\Users\wpwatson\dev\FRC2023\src\main\java\frc\robot\autos\MiddleScoreEngage.java,TRUE,TRUE,FALSE
FINISH,GENERATE,C:\Users\wpwatson\dev\FRC2023\src\main\java\frc\robot\autos\MiddleScoreEngage.java,TRUE,TRUE,FALSE
START,ANALYZE,C:\Users\wpwatson\dev\FRC2023\src\main\java\frc\robot\autos\Score1.java,TRUE,TRUE,TRUE
FINISH,ANALYZE,C:\Users\wpwatson\dev\FRC2023\src\main\java\frc\robot\autos\Score1.java,TRUE,TRUE,TRUE
START,GENERATE,C:\Users\wpwatson\dev\FRC2023\src\main\java\frc\robot\autos\Score1.java,TRUE,TRUE,FALSE
FINISH,GENERATE,C:\Users\wpwatson\dev\FRC2023\src\main\java\frc\robot\autos\Score1.java,TRUE,TRUE,FALSE
START,ANALYZE,C:\Users\wpwatson\dev\FRC2023\src\main\java\frc\robot\autos\Score1Dock.java,TRUE,TRUE,TRUE
FINISH,ANALYZE,C:\Users\wpwatson\dev\FRC2023\src\main\java\frc\robot\autos\Score1Dock.java,TRUE,TRUE,TRUE
START,GENERATE,C:\Users\wpwatson\dev\FRC2023\src\main\java\frc\robot\autos\Score1Dock.java,TRUE,TRUE,FALSE
FINISH,GENERATE,C:\Users\wpwatson\dev\FRC2023\src\main\java\frc\robot\autos\Score1Dock.java,TRUE,TRUE,FALSE
START,ANALYZE,C:\Users\wpwatson\dev\FRC2023\src\main\java\frc\robot\autos\SecondGamePiece.java,TRUE,TRUE,TRUE
FINISH,ANALYZE,C:\Users\wpwatson\dev\FRC2023\src\main\java\frc\robot\autos\SecondGamePiece.java,TRUE,TRUE,TRUE
START,GENERATE,C:\Users\wpwatson\dev\FRC2023\src\main\java\frc\robot\autos\SecondGamePiece.java,TRUE,TRUE,FALSE
FINISH,GENERATE,C:\Users\wpwatson\dev\FRC2023\src\main\java\frc\robot\autos\SecondGamePiece.java,TRUE,TRUE,FALSE
START,ANALYZE,C:\Users\wpwatson\dev\FRC2023\src\main\java\frc\robot\autos\SecondGamePiece6.java,TRUE,TRUE,TRUE
FINISH,ANALYZE,C:\Users\wpwatson\dev\FRC2023\src\main\java\frc\robot\autos\SecondGamePiece6.java,TRUE,TRUE,TRUE
START,GENERATE,C:\Users\wpwatson\dev\FRC2023\src\main\java\frc\robot\autos\SecondGamePiece6.java,TRUE,TRUE,FALSE
FINISH,GENERATE,C:\Users\wpwatson\dev\FRC2023\src\main\java\frc\robot\autos\SecondGamePiece6.java,TRUE,TRUE,FALSE
START,ANALYZE,C:\Users\wpwatson\dev\FRC2023\src\main\java\frc\robot\autos\SecondGamePieceScore.java,TRUE,TRUE,TRUE
FINISH,ANALYZE,C:\Users\wpwatson\dev\FRC2023\src\main\java\frc\robot\autos\SecondGamePieceScore.java,TRUE,TRUE,TRUE
START,GENERATE,C:\Users\wpwatson\dev\FRC2023\src\main\java\frc\robot\autos\SecondGamePieceScore.java,TRUE,TRUE,FALSE
FINISH,GENERATE,C:\Users\wpwatson\dev\FRC2023\src\main\java\frc\robot\autos\SecondGamePieceScore.java,TRUE,TRUE,FALSE
START,ANALYZE,C:\Users\wpwatson\dev\FRC2023\src\main\java\frc\robot\autos\TripleScore.java,TRUE,TRUE,TRUE
FINISH,ANALYZE,C:\Users\wpwatson\dev\FRC2023\src\main\java\frc\robot\autos\TripleScore.java,TRUE,TRUE,TRUE
START,GENERATE,C:\Users\wpwatson\dev\FRC2023\src\main\java\frc\robot\autos\TripleScore.java,TRUE,TRUE,FALSE
FINISH,GENERATE,C:\Users\wpwatson\dev\FRC2023\src\main\java\frc\robot\autos\TripleScore.java,TRUE,TRUE,FALSE
START,ANALYZE,C:\Users\wpwatson\dev\FRC2023\src\main\java\frc\robot\autos\TripleScore6.java,TRUE,TRUE,TRUE
FINISH,ANALYZE,C:\Users\wpwatson\dev\FRC2023\src\main\java\frc\robot\autos\TripleScore6.java,TRUE,TRUE,TRUE
START,GENERATE,C:\Users\wpwatson\dev\FRC2023\src\main\java\frc\robot\autos\TripleScore6.java,TRUE,TRUE,FALSE
FINISH,GENERATE,C:\Users\wpwatson\dev\FRC2023\src\main\java\frc\robot\autos\TripleScore6.java,TRUE,TRUE,FALSE
START,ANALYZE,C:\Users\wpwatson\dev\FRC2023\src\main\java\frc\robot\commands\arm\ArmMoving.java,TRUE,TRUE,TRUE
FINISH,ANALYZE,C:\Users\wpwatson\dev\FRC2023\src\main\java\frc\robot\commands\arm\ArmMoving.java,TRUE,TRUE,TRUE
START,GENERATE,C:\Users\wpwatson\dev\FRC2023\src\main\java\frc\robot\commands\arm\ArmMoving.java,TRUE,TRUE,FALSE
FINISH,GENERATE,C:\Users\wpwatson\dev\FRC2023\src\main\java\frc\robot\commands\arm\ArmMoving.java,TRUE,TRUE,FALSE
START,ANALYZE,C:\Users\wpwatson\dev\FRC2023\src\main\java\frc\robot\commands\arm\ConeIntake.java,TRUE,TRUE,TRUE
FINISH,ANALYZE,C:\Users\wpwatson\dev\FRC2023\src\main\java\frc\robot\commands\arm\ConeIntake.java,TRUE,TRUE,TRUE
START,GENERATE,C:\Users\wpwatson\dev\FRC2023\src\main\java\frc\robot\commands\arm\ConeIntake.java,TRUE,TRUE,FALSE
FINISH,GENERATE,C:\Users\wpwatson\dev\FRC2023\src\main\java\frc\robot\commands\arm\ConeIntake.java,TRUE,TRUE,FALSE
START,ANALYZE,C:\Users\wpwatson\dev\FRC2023\src\main\java\frc\robot\commands\arm\ConeUpIntake.java,TRUE,TRUE,TRUE
FINISH,ANALYZE,C:\Users\wpwatson\dev\FRC2023\src\main\java\frc\robot\commands\arm\ConeUpIntake.java,TRUE,TRUE,TRUE
START,GENERATE,C:\Users\wpwatson\dev\FRC2023\src\main\java\frc\robot\commands\arm\ConeUpIntake.java,TRUE,TRUE,FALSE
FINISH,GENERATE,C:\Users\wpwatson\dev\FRC2023\src\main\java\frc\robot\commands\arm\ConeUpIntake.java,TRUE,TRUE,FALSE
START,ANALYZE,C:\Users\wpwatson\dev\FRC2023\src\main\java\frc\robot\commands\arm\CubeIntake.java,TRUE,TRUE,TRUE
FINISH,ANALYZE,C:\Users\wpwatson\dev\FRC2023\src\main\java\frc\robot\commands\arm\CubeIntake.java,TRUE,TRUE,TRUE
START,GENERATE,C:\Users\wpwatson\dev\FRC2023\src\main\java\frc\robot\commands\arm\CubeIntake.java,TRUE,TRUE,FALSE
FINISH,GENERATE,C:\Users\wpwatson\dev\FRC2023\src\main\java\frc\robot\commands\arm\CubeIntake.java,TRUE,TRUE,FALSE
START,ANALYZE,C:\Users\wpwatson\dev\FRC2023\src\main\java\frc\robot\commands\arm\DockArm.java,TRUE,TRUE,TRUE
FINISH,ANALYZE,C:\Users\wpwatson\dev\FRC2023\src\main\java\frc\robot\commands\arm\DockArm.java,TRUE,TRUE,TRUE
START,GENERATE,C:\Users\wpwatson\dev\FRC2023\src\main\java\frc\robot\commands\arm\DockArm.java,TRUE,TRUE,FALSE
FINISH,GENERATE,C:\Users\wpwatson\dev\FRC2023\src\main\java\frc\robot\commands\arm\DockArm.java,TRUE,TRUE,FALSE
START,ANALYZE,C:\Users\wpwatson\dev\FRC2023\src\main\java\frc\robot\commands\arm\MoveArm.java,TRUE,TRUE,TRUE
FINISH,ANALYZE,C:\Users\wpwatson\dev\FRC2023\src\main\java\frc\robot\commands\arm\MoveArm.java,TRUE,TRUE,TRUE
START,GENERATE,C:\Users\wpwatson\dev\FRC2023\src\main\java\frc\robot\commands\arm\MoveArm.java,TRUE,TRUE,FALSE
FINISH,GENERATE,C:\Users\wpwatson\dev\FRC2023\src\main\java\frc\robot\commands\arm\MoveArm.java,TRUE,TRUE,FALSE
START,ANALYZE,C:\Users\wpwatson\dev\FRC2023\src\main\java\frc\robot\commands\arm\ScoreArm.java,TRUE,TRUE,TRUE
FINISH,ANALYZE,C:\Users\wpwatson\dev\FRC2023\src\main\java\frc\robot\commands\arm\ScoreArm.java,TRUE,TRUE,TRUE
START,GENERATE,C:\Users\wpwatson\dev\FRC2023\src\main\java\frc\robot\commands\arm\ScoreArm.java,TRUE,TRUE,FALSE
FINISH,GENERATE,C:\Users\wpwatson\dev\FRC2023\src\main\java\frc\robot\commands\arm\ScoreArm.java,TRUE,TRUE,FALSE
START,ANALYZE,C:\Users\wpwatson\dev\FRC2023\src\main\java\frc\robot\commands\arm\VariableArm.java,TRUE,TRUE,TRUE
FINISH,ANALYZE,C:\Users\wpwatson\dev\FRC2023\src\main\java\frc\robot\commands\arm\VariableArm.java,TRUE,TRUE,TRUE
START,GENERATE,C:\Users\wpwatson\dev\FRC2023\src\main\java\frc\robot\commands\arm\VariableArm.java,TRUE,TRUE,FALSE
FINISH,GENERATE,C:\Users\wpwatson\dev\FRC2023\src\main\java\frc\robot\commands\arm\VariableArm.java,TRUE,TRUE,FALSE
START,ANALYZE,C:\Users\wpwatson\dev\FRC2023\src\main\java\frc\robot\commands\drive\ClimbPlatform.java,TRUE,TRUE,TRUE
FINISH,ANALYZE,C:\Users\wpwatson\dev\FRC2023\src\main\java\frc\robot\commands\drive\ClimbPlatform.java,TRUE,TRUE,TRUE
START,GENERATE,C:\Users\wpwatson\dev\FRC2023\src\main\java\frc\robot\commands\drive\ClimbPlatform.java,TRUE,TRUE,FALSE
FINISH,GENERATE,C:\Users\wpwatson\dev\FRC2023\src\main\java\frc\robot\commands\drive\ClimbPlatform.java,TRUE,TRUE,FALSE
START,ANALYZE,C:\Users\wpwatson\dev\FRC2023\src\main\java\frc\robot\commands\drive\MoveToEngage.java,TRUE,TRUE,TRUE
FINISH,ANALYZE,C:\Users\wpwatson\dev\FRC2023\src\main\java\frc\robot\commands\drive\MoveToEngage.java,TRUE,TRUE,TRUE
START,GENERATE,C:\Users\wpwatson\dev\FRC2023\src\main\java\frc\robot\commands\drive\MoveToEngage.java,TRUE,TRUE,FALSE
FINISH,GENERATE,C:\Users\wpwatson\dev\FRC2023\src\main\java\frc\robot\commands\drive\MoveToEngage.java,TRUE,TRUE,FALSE
START,ANALYZE,C:\Users\wpwatson\dev\FRC2023\src\main\java\frc\robot\commands\drive\MoveToScore.java,TRUE,TRUE,TRUE
FINISH,ANALYZE,C:\Users\wpwatson\dev\FRC2023\src\main\java\frc\robot\commands\drive\MoveToScore.java,TRUE,TRUE,TRUE
START,GENERATE,C:\Users\wpwatson\dev\FRC2023\src\main\java\frc\robot\commands\drive\MoveToScore.java,TRUE,TRUE,FALSE
FINISH,GENERATE,C:\Users\wpwatson\dev\FRC2023\src\main\java\frc\robot\commands\drive\MoveToScore.java,TRUE,TRUE,FALSE
START,ANALYZE,C:\Users\wpwatson\dev\FRC2023\src\main\java\frc\robot\commands\drive\TeleopSwerve.java,TRUE,TRUE,TRUE
FINISH,ANALYZE,C:\Users\wpwatson\dev\FRC2023\src\main\java\frc\robot\commands\drive\TeleopSwerve.java,TRUE,TRUE,TRUE
START,GENERATE,C:\Users\wpwatson\dev\FRC2023\src\main\java\frc\robot\commands\drive\TeleopSwerve.java,TRUE,TRUE,FALSE
FINISH,GENERATE,C:\Users\wpwatson\dev\FRC2023\src\main\java\frc\robot\commands\drive\TeleopSwerve.java,TRUE,TRUE,FALSE
START,ANALYZE,C:\Users\wpwatson\dev\FRC2023\src\main\java\frc\robot\commands\drive\TurnToAngle.java,TRUE,TRUE,TRUE
FINISH,ANALYZE,C:\Users\wpwatson\dev\FRC2023\src\main\java\frc\robot\commands\drive\TurnToAngle.java,TRUE,TRUE,TRUE
START,GENERATE,C:\Users\wpwatson\dev\FRC2023\src\main\java\frc\robot\commands\drive\TurnToAngle.java,TRUE,TRUE,FALSE
FINISH,GENERATE,C:\Users\wpwatson\dev\FRC2023\src\main\java\frc\robot\commands\drive\TurnToAngle.java,TRUE,TRUE,FALSE
START,ANALYZE,C:\Users\wpwatson\dev\FRC2023\src\main\java\frc\robot\commands\leds\BouncingBalls.java,TRUE,TRUE,TRUE
FINISH,ANALYZE,C:\Users\wpwatson\dev\FRC2023\src\main\java\frc\robot\commands\leds\BouncingBalls.java,TRUE,TRUE,TRUE
START,GENERATE,C:\Users\wpwatson\dev\FRC2023\src\main\java\frc\robot\commands\leds\BouncingBalls.java,TRUE,TRUE,FALSE
FINISH,GENERATE,C:\Users\wpwatson\dev\FRC2023\src\main\java\frc\robot\commands\leds\BouncingBalls.java,TRUE,TRUE,FALSE
START,ANALYZE,C:\Users\wpwatson\dev\FRC2023\src\main\java\frc\robot\subsystems\LEDs.java,TRUE,TRUE,TRUE
FINISH,ANALYZE,C:\Users\wpwatson\dev\FRC2023\src\main\java\frc\robot\subsystems\LEDs.java,TRUE,TRUE,TRUE
START,GENERATE,C:\Users\wpwatson\dev\FRC2023\src\main\java\frc\robot\subsystems\LEDs.java,TRUE,TRUE,FALSE
FINISH,GENERATE,C:\Users\wpwatson\dev\FRC2023\src\main\java\frc\robot\subsystems\LEDs.java,TRUE,TRUE,FALSE
START,ANALYZE,C:\Users\wpwatson\dev\FRC2023\src\main\java\frc\robot\commands\leds\FireLEDs.java,TRUE,TRUE,TRUE
FINISH,ANALYZE,C:\Users\wpwatson\dev\FRC2023\src\main\java\frc\robot\commands\leds\FireLEDs.java,TRUE,TRUE,TRUE
START,GENERATE,C:\Users\wpwatson\dev\FRC2023\src\main\java\frc\robot\commands\leds\FireLEDs.java,TRUE,TRUE,FALSE
FINISH,GENERATE,C:\Users\wpwatson\dev\FRC2023\src\main\java\frc\robot\commands\leds\FireLEDs.java,TRUE,TRUE,FALSE
START,ANALYZE,C:\Users\wpwatson\dev\FRC2023\src\main\java\frc\robot\commands\leds\FlashingLEDColor.java,TRUE,TRUE,TRUE
FINISH,ANALYZE,C:\Users\wpwatson\dev\FRC2023\src\main\java\frc\robot\commands\leds\FlashingLEDColor.java,TRUE,TRUE,TRUE
START,GENERATE,C:\Users\wpwatson\dev\FRC2023\src\main\java\frc\robot\commands\leds\FlashingLEDColor.java,TRUE,TRUE,FALSE
FINISH,GENERATE,C:\Users\wpwatson\dev\FRC2023\src\main\java\frc\robot\commands\leds\FlashingLEDColor.java,TRUE,TRUE,FALSE
START,ANALYZE,C:\Users\wpwatson\dev\FRC2023\src\main\java\frc\robot\commands\leds\MeteorRain.java,TRUE,TRUE,TRUE
FINISH,ANALYZE,C:\Users\wpwatson\dev\FRC2023\src\main\java\frc\robot\commands\leds\MeteorRain.java,TRUE,TRUE,TRUE
START,GENERATE,C:\Users\wpwatson\dev\FRC2023\src\main\java\frc\robot\commands\leds\MeteorRain.java,TRUE,TRUE,FALSE
FINISH,GENERATE,C:\Users\wpwatson\dev\FRC2023\src\main\java\frc\robot\commands\leds\MeteorRain.java,TRUE,TRUE,FALSE
START,ANALYZE,C:\Users\wpwatson\dev\FRC2023\src\main\java\frc\robot\commands\leds\MorseCodeFlash.java,TRUE,TRUE,TRUE
FINISH,ANALYZE,C:\Users\wpwatson\dev\FRC2023\src\main\java\frc\robot\commands\leds\MorseCodeFlash.java,TRUE,TRUE,TRUE
START,GENERATE,C:\Users\wpwatson\dev\FRC2023\src\main\java\frc\robot\commands\leds\MorseCodeFlash.java,TRUE,TRUE,FALSE
FINISH,GENERATE,C:\Users\wpwatson\dev\FRC2023\src\main\java\frc\robot\commands\leds\MorseCodeFlash.java,TRUE,TRUE,FALSE
START,ANALYZE,C:\Users\wpwatson\dev\FRC2023\src\main\java\frc\robot\commands\leds\MorseCodeStream.java,TRUE,TRUE,TRUE
FINISH,ANALYZE,C:\Users\wpwatson\dev\FRC2023\src\main\java\frc\robot\commands\leds\MorseCodeStream.java,TRUE,TRUE,TRUE
START,GENERATE,C:\Users\wpwatson\dev\FRC2023\src\main\java\frc\robot\commands\leds\MorseCodeStream.java,TRUE,TRUE,FALSE
FINISH,GENERATE,C:\Users\wpwatson\dev\FRC2023\src\main\java\frc\robot\commands\leds\MorseCodeStream.java,TRUE,TRUE,FALSE
START,ANALYZE,C:\Users\wpwatson\dev\FRC2023\src\main\java\frc\robot\commands\leds\MovingColorLEDs.java,TRUE,TRUE,TRUE
FINISH,ANALYZE,C:\Users\wpwatson\dev\FRC2023\src\main\java\frc\robot\commands\leds\MovingColorLEDs.java,TRUE,TRUE,TRUE
START,GENERATE,C:\Users\wpwatson\dev\FRC2023\src\main\java\frc\robot\commands\leds\MovingColorLEDs.java,TRUE,TRUE,FALSE
FINISH,GENERATE,C:\Users\wpwatson\dev\FRC2023\src\main\java\frc\robot\commands\leds\MovingColorLEDs.java,TRUE,TRUE,FALSE
START,ANALYZE,C:\Users\wpwatson\dev\FRC2023\src\main\java\frc\robot\commands\leds\PoliceLEDs.java,TRUE,TRUE,TRUE
FINISH,ANALYZE,C:\Users\wpwatson\dev\FRC2023\src\main\java\frc\robot\commands\leds\PoliceLEDs.java,TRUE,TRUE,TRUE
START,GENERATE,C:\Users\wpwatson\dev\FRC2023\src\main\java\frc\robot\commands\leds\PoliceLEDs.java,TRUE,TRUE,FALSE
FINISH,GENERATE,C:\Users\wpwatson\dev\FRC2023\src\main\java\frc\robot\commands\leds\PoliceLEDs.java,TRUE,TRUE,FALSE
START,ANALYZE,C:\Users\wpwatson\dev\FRC2023\src\main\java\frc\robot\commands\leds\RainbowLEDs.java,TRUE,TRUE,TRUE
FINISH,ANALYZE,C:\Users\wpwatson\dev\FRC2023\src\main\java\frc\robot\commands\leds\RainbowLEDs.java,TRUE,TRUE,TRUE
START,GENERATE,C:\Users\wpwatson\dev\FRC2023\src\main\java\frc\robot\commands\leds\RainbowLEDs.java,TRUE,TRUE,FALSE
FINISH,GENERATE,C:\Users\wpwatson\dev\FRC2023\src\main\java\frc\robot\commands\leds\RainbowLEDs.java,TRUE,TRUE,FALSE
START,ANALYZE,C:\Users\wpwatson\dev\FRC2023\src\main\java\frc\robot\commands\leds\Twinkle.java,TRUE,TRUE,TRUE
FINISH,ANALYZE,C:\Users\wpwatson\dev\FRC2023\src\main\java\frc\robot\commands\leds\Twinkle.java,TRUE,TRUE,TRUE
START,GENERATE,C:\Users\wpwatson\dev\FRC2023\src\main\java\frc\robot\commands\leds\Twinkle.java,TRUE,TRUE,FALSE
FINISH,GENERATE,C:\Users\wpwatson\dev\FRC2023\src\main\java\frc\robot\commands\leds\Twinkle.java,TRUE,TRUE,FALSE
START,ANALYZE,C:\Users\wpwatson\dev\FRC2023\src\main\java\frc\robot\commands\test\TestArm.java,TRUE,TRUE,TRUE
FINISH,ANALYZE,C:\Users\wpwatson\dev\FRC2023\src\main\java\frc\robot\commands\test\TestArm.java,TRUE,TRUE,TRUE
START,GENERATE,C:\Users\wpwatson\dev\FRC2023\src\main\java\frc\robot\commands\test\TestArm.java,TRUE,TRUE,FALSE
FINISH,GENERATE,C:\Users\wpwatson\dev\FRC2023\src\main\java\frc\robot\commands\test\TestArm.java,TRUE,TRUE,FALSE
START,ANALYZE,C:\Users\wpwatson\dev\FRC2023\src\main\java\frc\robot\commands\test\TestTransform.java,TRUE,TRUE,TRUE
FINISH,ANALYZE,C:\Users\wpwatson\dev\FRC2023\src\main\java\frc\robot\commands\test\TestTransform.java,TRUE,TRUE,TRUE
START,GENERATE,C:\Users\wpwatson\dev\FRC2023\src\main\java\frc\robot\commands\test\TestTransform.java,TRUE,TRUE,FALSE
FINISH,GENERATE,C:\Users\wpwatson\dev\FRC2023\src\main\java\frc\robot\commands\test\TestTransform.java,TRUE,TRUE,FALSE
START,ANALYZE,C:\Users\wpwatson\dev\FRC2023\src\main\java\frc\robot\commands\wrist\AutoWrist.java,TRUE,TRUE,TRUE
FINISH,ANALYZE,C:\Users\wpwatson\dev\FRC2023\src\main\java\frc\robot\commands\wrist\AutoWrist.java,TRUE,TRUE,TRUE
START,GENERATE,C:\Users\wpwatson\dev\FRC2023\src\main\java\frc\robot\commands\wrist\AutoWrist.java,TRUE,TRUE,FALSE
FINISH,GENERATE,C:\Users\wpwatson\dev\FRC2023\src\main\java\frc\robot\commands\wrist\AutoWrist.java,TRUE,TRUE,FALSE
START,ANALYZE,C:\Users\wpwatson\dev\FRC2023\src\main\java\frc\robot\commands\wrist\VariableIntake.java,TRUE,TRUE,TRUE
FINISH,ANALYZE,C:\Users\wpwatson\dev\FRC2023\src\main\java\frc\robot\commands\wrist\VariableIntake.java,TRUE,TRUE,TRUE
START,GENERATE,C:\Users\wpwatson\dev\FRC2023\src\main\java\frc\robot\commands\wrist\VariableIntake.java,TRUE,TRUE,FALSE
FINISH,GENERATE,C:\Users\wpwatson\dev\FRC2023\src\main\java\frc\robot\commands\wrist\VariableIntake.java,TRUE,TRUE,FALSE
START,ANALYZE,C:\Users\wpwatson\dev\FRC2023\src\main\java\frc\robot\commands\wrist\WristIntakeIn.java,TRUE,TRUE,TRUE
FINISH,ANALYZE,C:\Users\wpwatson\dev\FRC2023\src\main\java\frc\robot\commands\wrist\WristIntakeIn.java,TRUE,TRUE,TRUE
START,GENERATE,C:\Users\wpwatson\dev\FRC2023\src\main\java\frc\robot\commands\wrist\WristIntakeIn.java,TRUE,TRUE,FALSE
FINISH,GENERATE,C:\Users\wpwatson\dev\FRC2023\src\main\java\frc\robot\commands\wrist\WristIntakeIn.java,TRUE,TRUE,FALSE
START,ANALYZE,C:\Users\wpwatson\dev\FRC2023\src\main\java\frc\robot\commands\wrist\WristIntakeRelease.java,TRUE,TRUE,TRUE
FINISH,ANALYZE,C:\Users\wpwatson\dev\FRC2023\src\main\java\frc\robot\commands\wrist\WristIntakeRelease.java,TRUE,TRUE,TRUE
START,GENERATE,C:\Users\wpwatson\dev\FRC2023\src\main\java\frc\robot\commands\wrist\WristIntakeRelease.java,TRUE,TRUE,FALSE
FINISH,GENERATE,C:\Users\wpwatson\dev\FRC2023\src\main\java\frc\robot\commands\wrist\WristIntakeRelease.java,TRUE,TRUE,FALSE
START,ANALYZE,C:\Users\wpwatson\dev\FRC2023\src\main\java\frc\robot\Constants.java,TRUE,TRUE,TRUE
FINISH,ANALYZE,C:\Users\wpwatson\dev\FRC2023\src\main\java\frc\robot\Constants.java,TRUE,TRUE,TRUE
START,GENERATE,C:\Users\wpwatson\dev\FRC2023\src\main\java\frc\robot\Constants.java,TRUE,TRUE,FALSE
FINISH,GENERATE,C:\Users\wpwatson\dev\FRC2023\src\main\java\frc\robot\Constants.java,TRUE,TRUE,FALSE
START,GENERATE,C:\Users\wpwatson\dev\FRC2023\src\main\java\frc\robot\Constants.java,TRUE,TRUE,FALSE
FINISH,GENERATE,C:\Users\wpwatson\dev\FRC2023\src\main\java\frc\robot\Constants.java,TRUE,TRUE,FALSE
START,GENERATE,C:\Users\wpwatson\dev\FRC2023\src\main\java\frc\robot\Constants.java,TRUE,TRUE,FALSE
FINISH,GENERATE,C:\Users\wpwatson\dev\FRC2023\src\main\java\frc\robot\Constants.java,TRUE,TRUE,FALSE
START,GENERATE,C:\Users\wpwatson\dev\FRC2023\src\main\java\frc\robot\Constants.java,TRUE,TRUE,FALSE
FINISH,GENERATE,C:\Users\wpwatson\dev\FRC2023\src\main\java\frc\robot\Constants.java,TRUE,TRUE,FALSE
START,GENERATE,C:\Users\wpwatson\dev\FRC2023\src\main\java\frc\robot\Constants.java,TRUE,TRUE,FALSE
FINISH,GENERATE,C:\Users\wpwatson\dev\FRC2023\src\main\java\frc\robot\Constants.java,TRUE,TRUE,FALSE
START,GENERATE,C:\Users\wpwatson\dev\FRC2023\src\main\java\frc\robot\Constants.java,TRUE,TRUE,FALSE
FINISH,GENERATE,C:\Users\wpwatson\dev\FRC2023\src\main\java\frc\robot\Constants.java,TRUE,TRUE,FALSE
START,GENERATE,C:\Users\wpwatson\dev\FRC2023\src\main\java\frc\robot\Constants.java,TRUE,TRUE,FALSE
FINISH,GENERATE,C:\Users\wpwatson\dev\FRC2023\src\main\java\frc\robot\Constants.java,TRUE,TRUE,FALSE
START,GENERATE,C:\Users\wpwatson\dev\FRC2023\src\main\java\frc\robot\Constants.java,TRUE,TRUE,FALSE
FINISH,GENERATE,C:\Users\wpwatson\dev\FRC2023\src\main\java\frc\robot\Constants.java,TRUE,TRUE,FALSE
START,GENERATE,C:\Users\wpwatson\dev\FRC2023\src\main\java\frc\robot\Constants.java,TRUE,TRUE,FALSE
FINISH,GENERATE,C:\Users\wpwatson\dev\FRC2023\src\main\java\frc\robot\Constants.java,TRUE,TRUE,FALSE
START,GENERATE,C:\Users\wpwatson\dev\FRC2023\src\main\java\frc\robot\Constants.java,TRUE,TRUE,FALSE
FINISH,GENERATE,C:\Users\wpwatson\dev\FRC2023\src\main\java\frc\robot\Constants.java,TRUE,TRUE,FALSE
START,GENERATE,C:\Users\wpwatson\dev\FRC2023\src\main\java\frc\robot\Constants.java,TRUE,TRUE,FALSE
FINISH,GENERATE,C:\Users\wpwatson\dev\FRC2023\src\main\java\frc\robot\Constants.java,TRUE,TRUE,FALSE
START,GENERATE,C:\Users\wpwatson\dev\FRC2023\src\main\java\frc\robot\Constants.java,TRUE,TRUE,FALSE
FINISH,GENERATE,C:\Users\wpwatson\dev\FRC2023\src\main\java\frc\robot\Constants.java,TRUE,TRUE,FALSE
START,GENERATE,C:\Users\wpwatson\dev\FRC2023\src\main\java\frc\robot\Constants.java,TRUE,TRUE,FALSE
FINISH,GENERATE,C:\Users\wpwatson\dev\FRC2023\src\main\java\frc\robot\Constants.java,TRUE,TRUE,FALSE
START,GENERATE,C:\Users\wpwatson\dev\FRC2023\src\main\java\frc\robot\Constants.java,TRUE,TRUE,FALSE
FINISH,GENERATE,C:\Users\wpwatson\dev\FRC2023\src\main\java\frc\robot\Constants.java,TRUE,TRUE,FALSE
START,GENERATE,C:\Users\wpwatson\dev\FRC2023\src\main\java\frc\robot\Constants.java,TRUE,TRUE,FALSE
FINISH,GENERATE,C:\Users\wpwatson\dev\FRC2023\src\main\java\frc\robot\Constants.java,TRUE,TRUE,FALSE
START,GENERATE,C:\Users\wpwatson\dev\FRC2023\src\main\java\frc\robot\Constants.java,TRUE,TRUE,FALSE
FINISH,GENERATE,C:\Users\wpwatson\dev\FRC2023\src\main\java\frc\robot\Constants.java,TRUE,TRUE,FALSE
START,GENERATE,C:\Users\wpwatson\dev\FRC2023\src\main\java\frc\robot\Constants.java,TRUE,TRUE,FALSE
FINISH,GENERATE,C:\Users\wpwatson\dev\FRC2023\src\main\java\frc\robot\Constants.java,TRUE,TRUE,FALSE
START,ANALYZE,C:\Users\wpwatson\dev\FRC2023\src\main\java\frc\robot\Main.java,TRUE,TRUE,TRUE
FINISH,ANALYZE,C:\Users\wpwatson\dev\FRC2023\src\main\java\frc\robot\Main.java,TRUE,TRUE,TRUE
START,GENERATE,C:\Users\wpwatson\dev\FRC2023\src\main\java\frc\robot\Main.java,TRUE,TRUE,FALSE
FINISH,GENERATE,C:\Users\wpwatson\dev\FRC2023\src\main\java\frc\robot\Main.java,TRUE,TRUE,FALSE
START,ANALYZE,C:\Users\wpwatson\dev\FRC2023\src\main\java\frc\robot\Robot.java,TRUE,TRUE,TRUE
FINISH,ANALYZE,C:\Users\wpwatson\dev\FRC2023\src\main\java\frc\robot\Robot.java,TRUE,TRUE,TRUE
START,GENERATE,C:\Users\wpwatson\dev\FRC2023\src\main\java\frc\robot\Robot.java,TRUE,TRUE,FALSE
FINISH,GENERATE,C:\Users\wpwatson\dev\FRC2023\src\main\java\frc\robot\Robot.java,TRUE,TRUE,FALSE
START,ANALYZE,C:\Users\wpwatson\dev\FRC2023\src\main\java\frc\robot\RobotContainer.java,TRUE,TRUE,TRUE
FINISH,ANALYZE,C:\Users\wpwatson\dev\FRC2023\src\main\java\frc\robot\RobotContainer.java,TRUE,TRUE,TRUE
START,GENERATE,C:\Users\wpwatson\dev\FRC2023\src\main\java\frc\robot\RobotContainer.java,TRUE,TRUE,FALSE
FINISH,GENERATE,C:\Users\wpwatson\dev\FRC2023\src\main\java\frc\robot\RobotContainer.java,TRUE,TRUE,FALSE
FINISH,COMPILATION,,FALSE,FALSE,FALSE